pair,segment,role,rank,label,normalized_label,node,contribution
WT_vs_G102D,chain1,reference,1,ARG158,ARG158,11,0.6679801662469458
WT_vs_G102D,chain1,reference,2,VAL153,VAL153,6,0.559789710679816
WT_vs_G102D,chain1,reference,3,GLU156,GLU156,9,0.5136560274552825
WT_vs_G102D,chain1,target,1,ARG104,ARG104,1,0.5851978937716459
WT_vs_G102D,chain1,target,2,THR103,THR103,0,0.5781384808913772
WT_vs_G102D,chain1,target,3,GLN109,GLN109,4,0.4801757455619377
WT_vs_G102D,chain2,reference,1,GLU364,GLU157,10,0.5329477500917623
WT_vs_G102D,chain2,reference,2,GLN359,GLN152,5,0.49413758227901283
WT_vs_G102D,chain2,reference,3,THR370,THR163,16,0.45181868175041934
WT_vs_G102D,chain2,target,1,ASN336,ASN129,5,0.518042294971347
WT_vs_G102D,chain2,target,2,GLN316,GLN109,4,0.48641384881217725
WT_vs_G102D,chain2,target,3,GLN323,GLN116,13,0.43040520501941326
WT_vs_E150K,chain1,reference,1,THR160,THR160,13,0.6682526188082165
WT_vs_E150K,chain1,reference,2,ARG158,ARG158,11,0.6597169637524282
WT_vs_E150K,chain1,reference,3,VAL153,VAL153,6,0.5742320670554928
WT_vs_E150K,chain1,target,1,THR103,THR103,0,0.6286612775420212
WT_vs_E150K,chain1,target,2,ARG104,ARG104,1,0.615245455243372
WT_vs_E150K,chain1,target,3,TYR132,TYR132,13,0.5038177978603517
WT_vs_E150K,chain2,reference,1,GLU363,GLU156,9,0.7219604640461369
WT_vs_E150K,chain2,reference,2,ARG365,ARG158,11,0.6283731807741295
WT_vs_E150K,chain2,reference,3,GLN359,GLN152,5,0.6020954828238644
WT_vs_E150K,chain2,target,1,ARG311,ARG104,1,0.6080525621531728
WT_vs_E150K,chain2,target,2,LEU320,LEU113,8,0.5739135752903882
WT_vs_E150K,chain2,target,3,ASN336,ASN129,12,0.5584259598846886
G102D_vs_E150K,chain1,reference,1,THR160,THR160,32,0.24132129551213433
G102D_vs_E150K,chain1,reference,2,LEU101,LEU101,24,0.20365746509932264
G102D_vs_E150K,chain1,reference,3,HSD100,HSD100,25,0.18741285701245874
G102D_vs_E150K,chain1,target,1,GLY138,GLY138,15,0.19242479035972102
G102D_vs_E150K,chain1,target,2,GLU107,GLU107,4,0.1747625708101372
G102D_vs_E150K,chain1,target,3,ARG94,ARG94,38,0.1215415133502182
G102D_vs_E150K,chain2,reference,1,GLU364,GLU157,30,0.23613849205240406
G102D_vs_E150K,chain2,reference,2,HSD307,HSD100,25,0.17470511981137088
G102D_vs_E150K,chain2,reference,3,ALA343,ALA136,15,0.16186753079552188
G102D_vs_E150K,chain2,target,1,GLY345,GLY138,15,0.19705046740856508
G102D_vs_E150K,chain2,target,2,ASN225,ASN18,39,0.15651097204510084
G102D_vs_E150K,chain2,target,3,GLU314,GLU107,4,0.13873906467887728
