pair,role,rank,normalized_label,chain1_label,chain2_label,total_contribution
WT_vs_G102D,reference,1,GLU157,GLU157,GLU364,1.037624394578057
WT_vs_G102D,reference,2,ARG158,ARG158,ARG365,0.9571986639220738
WT_vs_G102D,reference,3,VAL153,VAL153,VAL360,0.9155944632650536
WT_vs_G102D,reference,4,GLU156,GLU156,GLU363,0.8150984638309617
WT_vs_G102D,reference,5,GLN152,GLN152,GLN359,0.786873522788417
WT_vs_G102D,reference,6,ASN18,ASN18,ASN225,0.6634671936813726
WT_vs_G102D,reference,7,ALA97,ALA97,ALA304,0.5925588200298579
WT_vs_G102D,reference,8,LEU146,LEU146,LEU353,0.5706974670403704
WT_vs_G102D,reference,9,ARG94,ARG94,ARG301,0.5682893450556092
WT_vs_G102D,reference,10,THR163,THR163,THR370,0.5607243075019316
WT_vs_G102D,reference,11,HSD151,HSD151,HSD358,0.5593619170670145
WT_vs_G102D,reference,12,LYS155,LYS155,LYS362,0.5368722914876147
WT_vs_G102D,reference,13,ALA154,ALA154,ALA361,0.5158072417900195
WT_vs_G102D,reference,14,ASP148,ASP148,ASP355,0.5057293953885834
WT_vs_G102D,reference,15,ALA185,ALA185,ALA392,0.46423351295663196
WT_vs_G102D,reference,16,LEU90,LEU90,LEU297,0.4235457423152581
WT_vs_G102D,reference,17,LEU142,LEU142,LEU349,0.3757408701010291
WT_vs_G102D,reference,18,GLU159,GLU159,GLU366,0.32779613155826487
WT_vs_G102D,reference,19,LEU190,LEU190,LEU397,0.29265083535752817
WT_vs_G102D,reference,20,MET166,MET166,MET373,0.28664150097002106
WT_vs_G102D,reference,21,PRO161,PRO161,PRO368,0.28655542632848063
WT_vs_G102D,reference,22,ASP95,ASP95,ASP302,0.28013870339058533
WT_vs_G102D,reference,23,ARG171,ARG171,ARG378,0.2706505086982331
WT_vs_G102D,reference,24,THR162,THR162,THR369,0.2396197237079041
WT_vs_G102D,reference,25,THR160,THR160,THR367,0.22435679702692735
WT_vs_G102D,reference,26,ALA182,ALA182,ALA389,0.2230248181154017
WT_vs_G102D,reference,27,LEU16,LEU16,LEU223,0.21217772387063558
WT_vs_G102D,reference,28,GLY96,GLY96,GLY303,0.19878215795188603
WT_vs_G102D,reference,29,ILE174,ILE174,ILE381,0.15041434600335463
WT_vs_G102D,reference,30,PHE177,PHE177,PHE384,0.14330426692927034
WT_vs_G102D,reference,31,ARG87,ARG87,ARG294,0.13830831545545644
WT_vs_G102D,reference,32,GLU147,GLU147,GLU354,0.134872423122622
WT_vs_G102D,reference,33,LYS98,LYS98,LYS305,0.13089094466076756
WT_vs_G102D,reference,34,GLY181,GLY181,GLY388,0.12914222512149287
WT_vs_G102D,reference,35,VAL99,VAL99,VAL306,0.12292789952645813
WT_vs_G102D,reference,36,PHE86,PHE86,PHE293,0.12105739428688413
WT_vs_G102D,reference,37,PHE186,PHE186,PHE393,0.12073929683109019
WT_vs_G102D,reference,38,SER165,SER165,SER372,0.11534490880698137
WT_vs_G102D,reference,39,ILE193,ILE193,ILE400,0.11400153026656279
WT_vs_G102D,reference,40,GLU19,GLU19,GLU226,0.1024162623294847
WT_vs_G102D,reference,41,GLN172,GLN172,GLN379,0.0950886916612747
WT_vs_G102D,reference,42,LYS46,LYS46,LYS253,0.09180607135992977
WT_vs_G102D,reference,43,LEU197,LEU197,LEU404,0.08531017128655444
WT_vs_G102D,reference,44,ASN82,ASN82,ASN289,0.08445216482509393
WT_vs_G102D,reference,45,ARG49,ARG49,ARG256,0.08399952471199719
WT_vs_G102D,reference,46,LEU52,LEU52,LEU259,0.0821298224089719
WT_vs_G102D,reference,47,VAL45,VAL45,VAL252,0.08120036922123663
WT_vs_G102D,reference,48,HSD139,HSD139,HSD346,0.0785995238668398
WT_vs_G102D,reference,49,GLY189,GLY189,GLY396,0.07628078371719652
WT_vs_G102D,reference,50,VAL20,VAL20,VAL227,0.07431574112436423
WT_vs_G102D,reference,51,ALA89,ALA89,ALA296,0.06844208817243914
WT_vs_G102D,reference,52,HSD100,HSD100,HSD307,0.06722097174373662
WT_vs_G102D,reference,53,ALA56,ALA56,ALA263,0.06647936574956059
WT_vs_G102D,reference,54,GLY102,GLY102,GLY309,0.06647510260756379
WT_vs_G102D,reference,55,ASP53,ASP53,ASP260,0.0637042777004944
WT_vs_G102D,reference,56,LEU79,LEU79,LEU286,0.06039535336055432
WT_vs_G102D,reference,57,THR103,THR103,THR310,0.058911986291274615
WT_vs_G102D,reference,58,GLY24,GLY24,GLY231,0.05754604795384789
WT_vs_G102D,reference,59,LEU14,LEU14,LEU221,0.05510652552280643
WT_vs_G102D,reference,60,ALA13,ALA13,ALA220,0.05154746999601245
WT_vs_G102D,reference,61,LEU192,LEU192,LEU399,0.04884651336223786
WT_vs_G102D,reference,62,THR26,THR26,THR233,0.04532468660401498
WT_vs_G102D,reference,63,HSD64,HSD64,HSD271,0.04418016691742614
WT_vs_G102D,reference,64,LEU25,LEU25,LEU232,0.04338501181716702
WT_vs_G102D,reference,65,ILE10,ILE10,ILE217,0.04013689754450921
WT_vs_G102D,reference,66,ASN47,ASN47,ASN254,0.038360504400291796
WT_vs_G102D,reference,67,TYR42,TYR42,TYR249,0.03796169760009856
WT_vs_G102D,reference,68,VAL9,VAL9,VAL216,0.033574318315497245
WT_vs_G102D,reference,69,GLY196,GLY196,GLY403,0.03344287866429819
WT_vs_G102D,reference,70,HSD66,HSD66,HSD273,0.03065039731123545
WT_vs_G102D,reference,71,ALA50,ALA50,ALA257,0.027919094045458476
WT_vs_G102D,reference,72,THR65,THR65,THR272,0.027526366399787082
WT_vs_G102D,reference,73,GLN38,GLN38,GLN245,0.027224114103145743
WT_vs_G102D,reference,74,PHE78,PHE78,PHE285,0.02638917279942623
WT_vs_G102D,reference,75,LEU41,LEU41,LEU248,0.02596300587524683
WT_vs_G102D,reference,76,LEU55,LEU55,LEU262,0.02514408474760782
WT_vs_G102D,reference,77,GLY143,GLY143,GLY350,0.024985453071158223
WT_vs_G102D,reference,78,GLN200,GLN200,GLN407,0.024379750487503085
WT_vs_G102D,reference,79,GLN109,GLN109,GLN316,0.024373584195962802
WT_vs_G102D,reference,80,SER74,SER74,SER281,0.023732634705427344
WT_vs_G102D,reference,81,ARG104,ARG104,ARG311,0.022768762403864627
WT_vs_G102D,reference,82,LEU170,LEU170,LEU377,0.022076979937990713
WT_vs_G102D,reference,83,HSD93,HSD93,HSD300,0.02166178507714539
WT_vs_G102D,reference,84,GLY21,GLY21,GLY228,0.02126582892080787
WT_vs_G102D,reference,85,CYS203,CYS203,CYS410,0.02075167315095363
WT_vs_G102D,reference,86,CYS121,CYS121,CYS328,0.020385798703209914
WT_vs_G102D,reference,87,TRP75,TRP75,TRP282,0.020345866829879516
WT_vs_G102D,reference,88,TYR132,TYR132,TYR339,0.02013756668917307
WT_vs_G102D,reference,89,PRO105,PRO105,PRO312,0.019670753259202613
WT_vs_G102D,reference,90,LEU17,LEU17,LEU224,0.019384836491183742
WT_vs_G102D,reference,91,ASP5,ASP5,ASP212,0.01907575690074958
WT_vs_G102D,reference,92,LEU4,LEU4,LEU211,0.019023097419189297
WT_vs_G102D,reference,93,PHE67,PHE67,PHE274,0.018700372695775166
WT_vs_G102D,reference,94,ARG28,ARG28,ARG235,0.01857202093302065
WT_vs_G102D,reference,95,GLU204,GLU204,GLU411,0.01852464479139019
WT_vs_G102D,reference,96,LEU101,LEU101,LEU308,0.018469289872976552
WT_vs_G102D,reference,97,ALA136,ALA136,ALA343,0.018250058284412354
WT_vs_G102D,reference,98,HSD63,HSD63,HSD270,0.017642411160817936
WT_vs_G102D,reference,99,PRO167,PRO167,PRO374,0.016938770192352876
WT_vs_G102D,reference,100,ALA54,ALA54,ALA261,0.016732613020176867
WT_vs_G102D,reference,101,SER135,SER135,SER342,0.015885177594311156
WT_vs_G102D,reference,102,GLU37,GLU37,GLU244,0.015755707450520177
WT_vs_G102D,reference,103,GLU183,GLU183,GLU390,0.01536807101201797
WT_vs_G102D,reference,104,ASN129,ASN129,ASN336,0.015184081655778761
WT_vs_G102D,reference,105,GLU150,GLU150,GLU357,0.015011997629640905
WT_vs_G102D,reference,106,SER7,SER7,SER214,0.014805990291721919
WT_vs_G102D,reference,107,PHE125,PHE125,PHE332,0.01465479944761159
WT_vs_G102D,reference,108,GLU73,GLU73,GLU280,0.014612333292552373
WT_vs_G102D,reference,109,GLN149,GLN149,GLN356,0.014565649201022695
WT_vs_G102D,reference,110,ALA31,ALA31,ALA238,0.014194979125379457
WT_vs_G102D,reference,111,SER205,SER205,SER412,0.014138437873662923
WT_vs_G102D,reference,112,GLY206,GLY206,GLY413,0.013663422790377508
WT_vs_G102D,reference,113,GLY72,GLY72,GLY279,0.013436815523072802
WT_vs_G102D,reference,114,LEU131,LEU131,LEU338,0.01311740904373615
WT_vs_G102D,reference,115,ILE57,ILE57,ILE264,0.013034866692904514
WT_vs_G102D,reference,116,LEU91,LEU91,LEU298,0.01272140795640105
WT_vs_G102D,reference,117,ALA130,ALA130,ALA337,0.011833330292779049
WT_vs_G102D,reference,118,VAL36,VAL36,VAL243,0.011728539801513362
WT_vs_G102D,reference,119,LEU60,LEU60,LEU267,0.011537100921019198
WT_vs_G102D,reference,120,GLU175,GLU175,GLU382,0.011397282465152613
WT_vs_G102D,reference,121,ALA118,ALA118,ALA325,0.01094542092384959
WT_vs_G102D,reference,122,THR106,THR106,THR313,0.01083321268120872
WT_vs_G102D,reference,123,ASP178,ASP178,ASP385,0.010559539804185558
WT_vs_G102D,reference,124,ALA173,ALA173,ALA380,0.010019400511087528
WT_vs_G102D,reference,125,HSD44,HSD44,HSD251,0.00957906252502691
WT_vs_G102D,reference,126,PHE188,PHE188,PHE395,0.00927332756110194
WT_vs_G102D,reference,127,ARG3,ARG3,ARG210,0.009234935014098833
WT_vs_G102D,reference,128,ASN115,ASN115,ASN322,0.009048381195611549
WT_vs_G102D,reference,129,LEU169,LEU169,LEU376,0.008907778084051118
WT_vs_G102D,reference,130,PRO168,PRO168,PRO375,0.008890058081853615
WT_vs_G102D,reference,131,GLU128,GLU128,GLU335,0.008500971649113264
WT_vs_G102D,reference,132,VAL145,VAL145,VAL352,0.008031373564104473
WT_vs_G102D,reference,133,LYS6,LYS6,LYS213,0.007819300692753144
WT_vs_G102D,reference,134,PRO184,PRO184,PRO391,0.007638646315545462
WT_vs_G102D,reference,135,GLU71,GLU71,GLU278,0.007446693785794232
WT_vs_G102D,reference,136,MET59,MET59,MET266,0.007410940366239443
WT_vs_G102D,reference,137,LEU70,LEU70,LEU277,0.0072124244350116815
WT_vs_G102D,reference,138,GLU107,GLU107,GLU314,0.007178945111703546
WT_vs_G102D,reference,139,LEU187,LEU187,LEU394,0.007015859888517083
WT_vs_G102D,reference,140,GLN180,GLN180,GLN387,0.006326910432703918
WT_vs_G102D,reference,141,CYS68,CYS68,CYS275,0.006288067691040195
WT_vs_G102D,reference,142,LEU176,LEU176,LEU383,0.006063024954274624
WT_vs_G102D,reference,143,ILE22,ILE22,ILE229,0.005984628152932346
WT_vs_G102D,reference,144,GLU58,GLU58,GLU265,0.0059086432279967585
WT_vs_G102D,reference,145,SER2,SER2,SER209,0.005875568773001205
WT_vs_G102D,reference,146,ARG80,ARG80,ARG287,0.005680566474280986
WT_vs_G102D,reference,147,LEU120,LEU120,LEU327,0.005641007659888533
WT_vs_G102D,reference,148,SER85,SER85,SER292,0.005592854023967073
WT_vs_G102D,reference,149,LYS199,LYS199,LYS406,0.005249492094912629
WT_vs_G102D,reference,150,CYS88,CYS88,CYS295,0.005143280468037954
WT_vs_G102D,reference,151,PRO69,PRO69,PRO276,0.004925202355789799
WT_vs_G102D,reference,152,CYS195,CYS195,CYS402,0.004797772239314912
WT_vs_G102D,reference,153,GLN32,GLN32,GLN239,0.004533196896086724
WT_vs_G102D,reference,154,LEU34,LEU34,LEU241,0.004440658745454183
WT_vs_G102D,reference,155,SER207,SER207,SER414,0.004408044575884277
WT_vs_G102D,reference,156,THR112,THR112,THR319,0.004244976009097859
WT_vs_G102D,reference,157,GLN116,GLN116,GLN323,0.004061443676525388
WT_vs_G102D,reference,158,ILE194,ILE194,ILE401,0.0038714348510668585
WT_vs_G102D,reference,159,GLN76,GLN76,GLN283,0.0037724391556234922
WT_vs_G102D,reference,160,GLU15,GLU15,GLU222,0.0036214842847431244
WT_vs_G102D,reference,161,PRO39,PRO39,PRO246,0.0035396768159067175
WT_vs_G102D,reference,162,LEU51,LEU51,LEU258,0.003387095597838905
WT_vs_G102D,reference,163,LEU30,LEU30,LEU237,0.0033856324992555817
WT_vs_G102D,reference,164,ASN81,ASN81,ASN288,0.0030710180340321053
WT_vs_G102D,reference,165,SER92,SER92,SER299,0.003055330496665261
WT_vs_G102D,reference,166,GLU23,GLU23,GLU230,0.0030136224149580715
WT_vs_G102D,reference,167,ASP61,ASP61,ASP268,0.002888015725016663
WT_vs_G102D,reference,168,LEU117,LEU117,LEU324,0.0028014892065463285
WT_vs_G102D,reference,169,LEU134,LEU134,LEU341,0.0027371436168667405
WT_vs_G102D,reference,170,THR141,THR141,THR348,0.0027289888843562227
WT_vs_G102D,reference,171,ASP164,ASP164,ASP371,0.0023426178415345807
WT_vs_G102D,reference,172,TYR110,TYR110,TYR317,0.002301076528389785
WT_vs_G102D,reference,173,MET1,MET1,MET208,0.002298262034877286
WT_vs_G102D,reference,174,GLY138,GLY138,GLY345,0.002259704129334524
WT_vs_G102D,reference,175,THR27,THR27,THR234,0.002212819517511029
WT_vs_G102D,reference,176,GLY124,GLY124,GLY331,0.0021257998067498395
WT_vs_G102D,reference,177,HSD179,HSD179,HSD386,0.002100045910111794
WT_vs_G102D,reference,178,GLY35,GLY35,GLY242,0.0020724699985000435
WT_vs_G102D,reference,179,ALA83,ALA83,ALA290,0.0019886814762489846
WT_vs_G102D,reference,180,GLU198,GLU198,GLU405,0.0017861727114353396
WT_vs_G102D,reference,181,LYS108,LYS108,LYS315,0.0017615489595801405
WT_vs_G102D,reference,182,LEU113,LEU113,LEU320,0.0017440556799789772
WT_vs_G102D,reference,183,PHE140,PHE140,PHE347,0.0016601140095324064
WT_vs_G102D,reference,184,VAL137,VAL137,VAL344,0.0016303430725318848
WT_vs_G102D,reference,185,LYS33,LYS33,LYS240,0.0016299260949436786
WT_vs_G102D,reference,186,LYS29,LYS29,LYS236,0.0015953076434239216
WT_vs_G102D,reference,187,LEU201,LEU201,LEU408,0.0015933258975901427
WT_vs_G102D,reference,188,THR40,THR40,THR247,0.0015931987511932717
WT_vs_G102D,reference,189,LYS84,LYS84,LYS291,0.001502661353028331
WT_vs_G102D,reference,190,LYS202,LYS202,LYS409,0.0015014447792261916
WT_vs_G102D,reference,191,ALA133,ALA133,ALA340,0.0014657568737530594
WT_vs_G102D,reference,192,GLN123,GLN123,GLN330,0.001369875239923611
WT_vs_G102D,reference,193,GLN122,GLN122,GLN329,0.0013627130687450207
WT_vs_G102D,reference,194,GLU191,GLU191,GLU398,0.0013502829266020262
WT_vs_G102D,reference,195,TRP43,TRP43,TRP250,0.001341630092202326
WT_vs_G102D,reference,196,LEU127,LEU127,LEU334,0.0013405677164260944
WT_vs_G102D,reference,197,ASP77,ASP77,ASP284,0.001337349831920776
WT_vs_G102D,reference,198,LYS48,LYS48,LYS255,0.0013181969112423908
WT_vs_G102D,reference,199,SER126,SER126,SER333,0.0013179947164519367
WT_vs_G102D,reference,200,CYS144,CYS144,CYS351,0.001285531753239661
WT_vs_G102D,reference,201,GLU114,GLU114,GLU321,0.0012601821315132925
WT_vs_G102D,reference,202,ARG62,ARG62,ARG269,0.0011650831920610276
WT_vs_G102D,reference,203,PHE119,PHE119,PHE326,0.0011006492468637306
WT_vs_G102D,reference,204,SER12,SER12,SER219,0.0010476556450405385
WT_vs_G102D,reference,205,LYS8,LYS8,LYS215,0.0008535909741462227
WT_vs_G102D,reference,206,GLU111,GLU111,GLU318,0.0008282353155320546
WT_vs_G102D,reference,207,ASN11,ASN11,ASN218,0.00032793303769298516
WT_vs_G102D,target,1,GLN109,GLN109,GLN316,0.966589594374115
WT_vs_G102D,target,2,ASP102,ASP102,ASP309,0.8322201713957971
WT_vs_G102D,target,3,THR103,THR103,THR310,0.8216317766091471
WT_vs_G102D,target,4,LEU117,LEU117,LEU324,0.8099283623729564
WT_vs_G102D,target,5,ASN129,ASN129,ASN336,0.7967120344436663
WT_vs_G102D,target,6,GLN116,GLN116,GLN323,0.7868473452225743
WT_vs_G102D,target,7,ARG104,ARG104,ARG311,0.7007882133455596
WT_vs_G102D,target,8,ALA130,ALA130,ALA337,0.6824215281939476
WT_vs_G102D,target,9,TYR110,TYR110,TYR317,0.6732229732364067
WT_vs_G102D,target,10,LEU113,LEU113,LEU320,0.6138377377451727
WT_vs_G102D,target,11,LEU101,LEU101,LEU308,0.6037926502905142
WT_vs_G102D,target,12,TYR132,TYR132,TYR339,0.5895123968801383
WT_vs_G102D,target,13,ALA136,ALA136,ALA343,0.5480842985857812
WT_vs_G102D,target,14,PHE140,PHE140,PHE347,0.5061573504645798
WT_vs_G102D,target,15,LEU120,LEU120,LEU327,0.4835708674260586
WT_vs_G102D,target,16,THR106,THR106,THR313,0.47321761002645857
WT_vs_G102D,target,17,PRO105,PRO105,PRO312,0.4385685816745165
WT_vs_G102D,target,18,HSD139,HSD139,HSD346,0.4280023375796128
WT_vs_G102D,target,19,LYS98,LYS98,LYS305,0.37054079510480975
WT_vs_G102D,target,20,VAL99,VAL99,VAL306,0.35648312345256866
WT_vs_G102D,target,21,PHE125,PHE125,PHE332,0.35093133500784446
WT_vs_G102D,target,22,SER135,SER135,SER342,0.3046287548335739
WT_vs_G102D,target,23,LEU90,LEU90,LEU297,0.25603259920124516
WT_vs_G102D,target,24,GLU157,GLU157,GLU364,0.23951059726574264
WT_vs_G102D,target,25,PRO161,PRO161,PRO368,0.22652565939312397
WT_vs_G102D,target,26,ASP95,ASP95,ASP302,0.22168528753841793
WT_vs_G102D,target,27,ASP148,ASP148,ASP355,0.20021433512218217
WT_vs_G102D,target,28,THR160,THR160,THR367,0.18429615601080113
WT_vs_G102D,target,29,SER165,SER165,SER372,0.1828891542746286
WT_vs_G102D,target,30,ARG158,ARG158,ARG365,0.17068490142047352
WT_vs_G102D,target,31,HSD151,HSD151,HSD358,0.1653244799968802
WT_vs_G102D,target,32,ASP53,ASP53,ASP260,0.16532257790065708
WT_vs_G102D,target,33,THR162,THR162,THR369,0.15792350366221897
WT_vs_G102D,target,34,HSD100,HSD100,HSD307,0.15163815171544148
WT_vs_G102D,target,35,ALA154,ALA154,ALA361,0.14086975215692762
WT_vs_G102D,target,36,ALA97,ALA97,ALA304,0.13365670274535904
WT_vs_G102D,target,37,ALA185,ALA185,ALA392,0.1269689730386338
WT_vs_G102D,target,38,ALA83,ALA83,ALA290,0.12648242679941132
WT_vs_G102D,target,39,GLY143,GLY143,GLY350,0.11255229680621895
WT_vs_G102D,target,40,THR163,THR163,THR370,0.10683946480259478
WT_vs_G102D,target,41,PHE177,PHE177,PHE384,0.09333375778746751
WT_vs_G102D,target,42,ALA89,ALA89,ALA296,0.08761777812888707
WT_vs_G102D,target,43,MET166,MET166,MET373,0.0786855909666817
WT_vs_G102D,target,44,LEU17,LEU17,LEU224,0.07653717765059188
WT_vs_G102D,target,45,GLY21,GLY21,GLY228,0.07516617913310894
WT_vs_G102D,target,46,ASP164,ASP164,ASP371,0.07325032374649798
WT_vs_G102D,target,47,LEU79,LEU79,LEU286,0.07283976064709577
WT_vs_G102D,target,48,ILE193,ILE193,ILE400,0.06375792456912983
WT_vs_G102D,target,49,ALA54,ALA54,ALA261,0.06302589881792554
WT_vs_G102D,target,50,GLY181,GLY181,GLY388,0.05211159841663485
WT_vs_G102D,target,51,LEU197,LEU197,LEU404,0.0491850379324231
WT_vs_G102D,target,52,GLU147,GLU147,GLU354,0.04856893950036351
WT_vs_G102D,target,53,ASN47,ASN47,ASN254,0.047928594648617685
WT_vs_G102D,target,54,ALA182,ALA182,ALA389,0.047907464169524544
WT_vs_G102D,target,55,GLY96,GLY96,GLY303,0.04786474591060443
WT_vs_G102D,target,56,ILE57,ILE57,ILE264,0.04769840013749081
WT_vs_G102D,target,57,LEU146,LEU146,LEU353,0.04447920430826431
WT_vs_G102D,target,58,LYS46,LYS46,LYS253,0.04014618679996937
WT_vs_G102D,target,59,ASP61,ASP61,ASP268,0.03902532247662036
WT_vs_G102D,target,60,ALA50,ALA50,ALA257,0.03893211664498336
WT_vs_G102D,target,61,GLU204,GLU204,GLU411,0.03761181291975975
WT_vs_G102D,target,62,SER205,SER205,SER412,0.037066417191913066
WT_vs_G102D,target,63,ASN82,ASN82,ASN289,0.03494926581298105
WT_vs_G102D,target,64,ARG171,ARG171,ARG378,0.034020393952495634
WT_vs_G102D,target,65,GLU58,GLU58,GLU265,0.03315479639456597
WT_vs_G102D,target,66,PHE86,PHE86,PHE293,0.03310937688753471
WT_vs_G102D,target,67,ILE174,ILE174,ILE381,0.030589187234033977
WT_vs_G102D,target,68,ALA56,ALA56,ALA263,0.030206836124579285
WT_vs_G102D,target,69,LEU192,LEU192,LEU399,0.02822818730710697
WT_vs_G102D,target,70,TYR42,TYR42,TYR249,0.025083834555631047
WT_vs_G102D,target,71,GLY206,GLY206,GLY413,0.023883644481488532
WT_vs_G102D,target,72,PRO39,PRO39,PRO246,0.02137278220097577
WT_vs_G102D,target,73,VAL45,VAL45,VAL252,0.018750080976252633
WT_vs_G102D,target,74,HSD66,HSD66,HSD273,0.018063439139359184
WT_vs_G102D,target,75,PHE67,PHE67,PHE274,0.01512241394720722
WT_vs_G102D,target,76,HSD64,HSD64,HSD271,0.015034460831626056
WT_vs_G102D,target,77,GLY189,GLY189,GLY396,0.014808735107792742
WT_vs_G102D,target,78,PHE186,PHE186,PHE393,0.014422994616674992
WT_vs_G102D,target,79,LEU55,LEU55,LEU262,0.014288034367048476
WT_vs_G102D,target,80,THR26,THR26,THR233,0.01381119398637436
WT_vs_G102D,target,81,GLY24,GLY24,GLY231,0.012592251536407063
WT_vs_G102D,target,82,LEU25,LEU25,LEU232,0.01203076108260221
WT_vs_G102D,target,83,ARG28,ARG28,ARG235,0.011671019489033015
WT_vs_G102D,target,84,LEU30,LEU30,LEU237,0.011237347717412105
WT_vs_G102D,target,85,THR65,THR65,THR272,0.011103551652418275
WT_vs_G102D,target,86,GLU150,GLU150,GLU357,0.01019367850099165
WT_vs_G102D,target,87,LYS84,LYS84,LYS291,0.00937135913674099
WT_vs_G102D,target,88,GLY196,GLY196,GLY403,0.009306672745732481
WT_vs_G102D,target,89,LEU51,LEU51,LEU258,0.009160678352771862
WT_vs_G102D,target,90,GLY124,GLY124,GLY331,0.008751507393662537
WT_vs_G102D,target,91,CYS203,CYS203,CYS410,0.00869302285513485
WT_vs_G102D,target,92,LEU14,LEU14,LEU221,0.008652851069858532
WT_vs_G102D,target,93,LEU91,LEU91,LEU298,0.008641158778603913
WT_vs_G102D,target,94,SER207,SER207,SER414,0.007836624585897782
WT_vs_G102D,target,95,GLY72,GLY72,GLY279,0.007792830217269993
WT_vs_G102D,target,96,GLN172,GLN172,GLN379,0.007614275896833499
WT_vs_G102D,target,97,GLU37,GLU37,GLU244,0.007420850479481992
WT_vs_G102D,target,98,GLU73,GLU73,GLU280,0.00740939723286388
WT_vs_G102D,target,99,MET59,MET59,MET266,0.00739170282687413
WT_vs_G102D,target,100,PHE78,PHE78,PHE285,0.007172631374863534
WT_vs_G102D,target,101,GLN200,GLN200,GLN407,0.007021814296961654
WT_vs_G102D,target,102,THR112,THR112,THR319,0.0069467565588699565
WT_vs_G102D,target,103,LEU52,LEU52,LEU259,0.006889966812289472
WT_vs_G102D,target,104,PRO167,PRO167,PRO374,0.0068606628706189155
WT_vs_G102D,target,105,ALA13,ALA13,ALA220,0.006693368817030128
WT_vs_G102D,target,106,GLN152,GLN152,GLN359,0.00668571640508296
WT_vs_G102D,target,107,TRP75,TRP75,TRP282,0.006553938859433184
WT_vs_G102D,target,108,ASP178,ASP178,ASP385,0.006085407564315566
WT_vs_G102D,target,109,GLU175,GLU175,GLU382,0.005630838103978183
WT_vs_G102D,target,110,VAL36,VAL36,VAL243,0.005461799713846667
WT_vs_G102D,target,111,GLU71,GLU71,GLU278,0.005401564918188221
WT_vs_G102D,target,112,LYS155,LYS155,LYS362,0.005292214864031799
WT_vs_G102D,target,113,PRO69,PRO69,PRO276,0.005262445760163062
WT_vs_G102D,target,114,SER74,SER74,SER281,0.005198879742731732
WT_vs_G102D,target,115,LEU70,LEU70,LEU277,0.004834794593992964
WT_vs_G102D,target,116,ASN11,ASN11,ASN218,0.004766944557882643
WT_vs_G102D,target,117,SER7,SER7,SER214,0.0045165104818208155
WT_vs_G102D,target,118,SER126,SER126,SER333,0.004467736184429264
WT_vs_G102D,target,119,CYS68,CYS68,CYS275,0.0043883699939789725
WT_vs_G102D,target,120,ARG94,ARG94,ARG301,0.0042005086357662915
WT_vs_G102D,target,121,ILE10,ILE10,ILE217,0.004018776429686928
WT_vs_G102D,target,122,HSD63,HSD63,HSD270,0.0038298219716331973
WT_vs_G102D,target,123,SER12,SER12,SER219,0.003792464295331236
WT_vs_G102D,target,124,GLN38,GLN38,GLN245,0.0036922440461737483
WT_vs_G102D,target,125,ASP5,ASP5,ASP212,0.0036331666660462556
WT_vs_G102D,target,126,ALA118,ALA118,ALA325,0.0035671576348320997
WT_vs_G102D,target,127,ARG87,ARG87,ARG294,0.0035087849008345637
WT_vs_G102D,target,128,ASN115,ASN115,ASN322,0.0034571233704151745
WT_vs_G102D,target,129,LEU4,LEU4,LEU211,0.0034548202093961245
WT_vs_G102D,target,130,ALA31,ALA31,ALA238,0.0032698963883668543
WT_vs_G102D,target,131,HSD44,HSD44,HSD251,0.003217590785143232
WT_vs_G102D,target,132,GLN32,GLN32,GLN239,0.003186618581014409
WT_vs_G102D,target,133,GLU183,GLU183,GLU390,0.003166591720370964
WT_vs_G102D,target,134,GLN76,GLN76,GLN283,0.0031299095957016423
WT_vs_G102D,target,135,PHE188,PHE188,PHE395,0.0031109739036003607
WT_vs_G102D,target,136,VAL145,VAL145,VAL352,0.003109970457791092
WT_vs_G102D,target,137,LEU190,LEU190,LEU397,0.003087655680544657
WT_vs_G102D,target,138,GLU15,GLU15,GLU222,0.0030299781865298714
WT_vs_G102D,target,139,VAL9,VAL9,VAL216,0.0030262694090368797
WT_vs_G102D,target,140,HSD93,HSD93,HSD300,0.0029816667824572774
WT_vs_G102D,target,141,CYS121,CYS121,CYS328,0.0029721817660424915
WT_vs_G102D,target,142,LEU142,LEU142,LEU349,0.0027702021379990976
WT_vs_G102D,target,143,GLU111,GLU111,GLU318,0.002763509911431882
WT_vs_G102D,target,144,LEU187,LEU187,LEU394,0.0027379814266233634
WT_vs_G102D,target,145,LEU134,LEU134,LEU341,0.0027045910368752
WT_vs_G102D,target,146,ARG49,ARG49,ARG256,0.002661083084047082
WT_vs_G102D,target,147,LEU60,LEU60,LEU267,0.0026394802500072497
WT_vs_G102D,target,148,GLN149,GLN149,GLN356,0.0025191278570115263
WT_vs_G102D,target,149,GLU159,GLU159,GLU366,0.0024741475447044164
WT_vs_G102D,target,150,SER2,SER2,SER209,0.0023773968266776616
WT_vs_G102D,target,151,VAL153,VAL153,VAL360,0.002352834959999187
WT_vs_G102D,target,152,SER92,SER92,SER299,0.002168303664932129
WT_vs_G102D,target,153,GLN123,GLN123,GLN330,0.002089597606015924
WT_vs_G102D,target,154,ARG3,ARG3,ARG210,0.002044421498881394
WT_vs_G102D,target,155,LYS108,LYS108,LYS315,0.0020214993735575234
WT_vs_G102D,target,156,LEU41,LEU41,LEU248,0.0020003429561653296
WT_vs_G102D,target,157,SER85,SER85,SER292,0.0019577582172850294
WT_vs_G102D,target,158,LEU176,LEU176,LEU383,0.0019157732115037606
WT_vs_G102D,target,159,PHE119,PHE119,PHE326,0.001766792887833646
WT_vs_G102D,target,160,ILE22,ILE22,ILE229,0.001759904072960609
WT_vs_G102D,target,161,GLU114,GLU114,GLU321,0.0017433207142766621
WT_vs_G102D,target,162,LEU34,LEU34,LEU241,0.0017149934178360333
WT_vs_G102D,target,163,GLN180,GLN180,GLN387,0.001622047102507634
WT_vs_G102D,target,164,VAL20,VAL20,VAL227,0.0016094520220220065
WT_vs_G102D,target,165,LYS6,LYS6,LYS213,0.0015989681653975295
WT_vs_G102D,target,166,PRO184,PRO184,PRO391,0.001550583308454749
WT_vs_G102D,target,167,LYS199,LYS199,LYS406,0.001483852841672025
WT_vs_G102D,target,168,GLY35,GLY35,GLY242,0.0014776820557967155
WT_vs_G102D,target,169,ARG80,ARG80,ARG287,0.0013846466293004093
WT_vs_G102D,target,170,PRO168,PRO168,PRO375,0.0013736442337939137
WT_vs_G102D,target,171,LEU170,LEU170,LEU377,0.0013114873003706807
WT_vs_G102D,target,172,ASN18,ASN18,ASN225,0.0012486778688568473
WT_vs_G102D,target,173,ALA173,ALA173,ALA380,0.0012051279082453332
WT_vs_G102D,target,174,LEU16,LEU16,LEU223,0.0012004727120397025
WT_vs_G102D,target,175,LYS48,LYS48,LYS255,0.0011859170675347962
WT_vs_G102D,target,176,LEU131,LEU131,LEU338,0.0011473840977359114
WT_vs_G102D,target,177,LYS29,LYS29,LYS236,0.0010967102644914174
WT_vs_G102D,target,178,THR40,THR40,THR247,0.0010962771236976148
WT_vs_G102D,target,179,GLU128,GLU128,GLU335,0.001081390897292005
WT_vs_G102D,target,180,TRP43,TRP43,TRP250,0.0009911869738656086
WT_vs_G102D,target,181,CYS195,CYS195,CYS402,0.000955111040588975
WT_vs_G102D,target,182,LYS33,LYS33,LYS240,0.0009407725503699793
WT_vs_G102D,target,183,LEU169,LEU169,LEU376,0.0009349801888449693
WT_vs_G102D,target,184,MET1,MET1,MET208,0.0009347890433051434
WT_vs_G102D,target,185,HSD179,HSD179,HSD386,0.0009266425280938125
WT_vs_G102D,target,186,THR27,THR27,THR234,0.0008768127848290933
WT_vs_G102D,target,187,GLU156,GLU156,GLU363,0.0008657690643559432
WT_vs_G102D,target,188,CYS88,CYS88,CYS295,0.0008526983127401576
WT_vs_G102D,target,189,CYS144,CYS144,CYS351,0.0008484578728782027
WT_vs_G102D,target,190,GLU23,GLU23,GLU230,0.0008334666995563377
WT_vs_G102D,target,191,ALA133,ALA133,ALA340,0.0008108770933736276
WT_vs_G102D,target,192,ASN81,ASN81,ASN288,0.0007196392036852191
WT_vs_G102D,target,193,GLU19,GLU19,GLU226,0.0006946777204046681
WT_vs_G102D,target,194,ASP77,ASP77,ASP284,0.0006757416121933445
WT_vs_G102D,target,195,ILE194,ILE194,ILE401,0.0006748665511281658
WT_vs_G102D,target,196,ARG62,ARG62,ARG269,0.0006651419539606123
WT_vs_G102D,target,197,LEU127,LEU127,LEU334,0.0006311258690323829
WT_vs_G102D,target,198,LYS202,LYS202,LYS409,0.0005705829550835878
WT_vs_G102D,target,199,LEU201,LEU201,LEU408,0.0005295233532918086
WT_vs_G102D,target,200,GLU107,GLU107,GLU314,0.00052891918452849
WT_vs_G102D,target,201,GLN122,GLN122,GLN329,0.000522774884980574
WT_vs_G102D,target,202,GLU198,GLU198,GLU405,0.0003822286864266646
WT_vs_G102D,target,203,VAL137,VAL137,VAL344,0.0003745914430361254
WT_vs_G102D,target,204,THR141,THR141,THR348,0.00036732937868494316
WT_vs_G102D,target,205,GLY138,GLY138,GLY345,0.00035759849932776977
WT_vs_G102D,target,206,GLU191,GLU191,GLU398,0.00032379605979123804
WT_vs_G102D,target,207,LYS8,LYS8,LYS215,0.0002859035038003499
WT_vs_E150K,reference,1,ARG158,ARG158,ARG365,1.2880901445265578
WT_vs_E150K,reference,2,GLU156,GLU156,GLU363,1.2092462124600185
WT_vs_E150K,reference,3,GLU157,GLU157,GLU364,1.0894990171622942
WT_vs_E150K,reference,4,VAL153,VAL153,VAL360,1.0691029333727606
WT_vs_E150K,reference,5,GLN152,GLN152,GLN359,0.9982831675859145
WT_vs_E150K,reference,6,THR160,THR160,THR367,0.9674592827243005
WT_vs_E150K,reference,7,LYS155,LYS155,LYS362,0.8536701804019989
WT_vs_E150K,reference,8,LEU146,LEU146,LEU353,0.6705369503038092
WT_vs_E150K,reference,9,ALA97,ALA97,ALA304,0.6329845452406979
WT_vs_E150K,reference,10,GLU159,GLU159,GLU366,0.44745141694290314
WT_vs_E150K,reference,11,ASP148,ASP148,ASP355,0.4396158117808294
WT_vs_E150K,reference,12,LEU142,LEU142,LEU349,0.41121489584215287
WT_vs_E150K,reference,13,PRO161,PRO161,PRO368,0.4067392908712495
WT_vs_E150K,reference,14,THR162,THR162,THR369,0.3402107201705521
WT_vs_E150K,reference,15,HSD151,HSD151,HSD358,0.31178683084759123
WT_vs_E150K,reference,16,PHE177,PHE177,PHE384,0.31021071110874615
WT_vs_E150K,reference,17,ALA154,ALA154,ALA361,0.2817492226702331
WT_vs_E150K,reference,18,SER165,SER165,SER372,0.27537349657287613
WT_vs_E150K,reference,19,THR163,THR163,THR370,0.26561435505711334
WT_vs_E150K,reference,20,MET166,MET166,MET373,0.25700505268831053
WT_vs_E150K,reference,21,GLY96,GLY96,GLY303,0.24946361600052508
WT_vs_E150K,reference,22,GLU147,GLU147,GLU354,0.24653228534555927
WT_vs_E150K,reference,23,LYS98,LYS98,LYS305,0.22906360037645437
WT_vs_E150K,reference,24,GLY181,GLY181,GLY388,0.2255030730199769
WT_vs_E150K,reference,25,HSD100,HSD100,HSD307,0.21797159440616895
WT_vs_E150K,reference,26,ALA136,ALA136,ALA343,0.19582759285908186
WT_vs_E150K,reference,27,LEU190,LEU190,LEU397,0.18953783467156837
WT_vs_E150K,reference,28,ILE174,ILE174,ILE381,0.18508184611453754
WT_vs_E150K,reference,29,ALA185,ALA185,ALA392,0.18229638985260438
WT_vs_E150K,reference,30,LEU90,LEU90,LEU297,0.17676482085516046
WT_vs_E150K,reference,31,ALA182,ALA182,ALA389,0.1680266355476106
WT_vs_E150K,reference,32,VAL99,VAL99,VAL306,0.1674489801095351
WT_vs_E150K,reference,33,ARG171,ARG171,ARG378,0.16397091099332495
WT_vs_E150K,reference,34,ARG87,ARG87,ARG294,0.15767502001347614
WT_vs_E150K,reference,35,ASN18,ASN18,ASN225,0.15049284771976645
WT_vs_E150K,reference,36,LEU14,LEU14,LEU221,0.13315987781972782
WT_vs_E150K,reference,37,LEU101,LEU101,LEU308,0.13083540355032064
WT_vs_E150K,reference,38,ARG94,ARG94,ARG301,0.12846284641045122
WT_vs_E150K,reference,39,PHE186,PHE186,PHE393,0.1138996477344361
WT_vs_E150K,reference,40,ILE193,ILE193,ILE400,0.10442359282679045
WT_vs_E150K,reference,41,ASP95,ASP95,ASP302,0.10376425359938317
WT_vs_E150K,reference,42,THR103,THR103,THR310,0.09470951566414301
WT_vs_E150K,reference,43,LEU25,LEU25,LEU232,0.08628501413061412
WT_vs_E150K,reference,44,VAL20,VAL20,VAL227,0.07997517565074483
WT_vs_E150K,reference,45,ASP53,ASP53,ASP260,0.07814201432868778
WT_vs_E150K,reference,46,ARG49,ARG49,ARG256,0.07661022563656308
WT_vs_E150K,reference,47,GLY102,GLY102,GLY309,0.07494891340643425
WT_vs_E150K,reference,48,GLY21,GLY21,GLY228,0.07259642333957433
WT_vs_E150K,reference,49,LEU170,LEU170,LEU377,0.06807041667770054
WT_vs_E150K,reference,50,ALA56,ALA56,ALA263,0.06737818016451806
WT_vs_E150K,reference,51,LEU192,LEU192,LEU399,0.06581577433618992
WT_vs_E150K,reference,52,GLY189,GLY189,GLY396,0.0651692922606267
WT_vs_E150K,reference,53,LEU16,LEU16,LEU223,0.06437571451188054
WT_vs_E150K,reference,54,LEU197,LEU197,LEU404,0.05374571039217266
WT_vs_E150K,reference,55,VAL9,VAL9,VAL216,0.05082108357842512
WT_vs_E150K,reference,56,LEU52,LEU52,LEU259,0.04949904459985797
WT_vs_E150K,reference,57,GLU19,GLU19,GLU226,0.046899608520091264
WT_vs_E150K,reference,58,LEU55,LEU55,LEU262,0.0461473802876711
WT_vs_E150K,reference,59,PHE86,PHE86,PHE293,0.04573586682406653
WT_vs_E150K,reference,60,THR26,THR26,THR233,0.0443479842764361
WT_vs_E150K,reference,61,ALA50,ALA50,ALA257,0.04322769040949841
WT_vs_E150K,reference,62,GLN172,GLN172,GLN379,0.04294243367009075
WT_vs_E150K,reference,63,THR65,THR65,THR272,0.04158858905268929
WT_vs_E150K,reference,64,GLY24,GLY24,GLY231,0.041323176296341996
WT_vs_E150K,reference,65,LYS46,LYS46,LYS253,0.03981485016728535
WT_vs_E150K,reference,66,ASN47,ASN47,ASN254,0.03903295158963008
WT_vs_E150K,reference,67,THR106,THR106,THR313,0.03626438827409646
WT_vs_E150K,reference,68,ILE10,ILE10,ILE217,0.03532217862912991
WT_vs_E150K,reference,69,ARG28,ARG28,ARG235,0.03510994234918979
WT_vs_E150K,reference,70,PRO105,PRO105,PRO312,0.03489265760284525
WT_vs_E150K,reference,71,HSD66,HSD66,HSD273,0.033944417318914476
WT_vs_E150K,reference,72,LEU79,LEU79,LEU286,0.03382194300318818
WT_vs_E150K,reference,73,GLY196,GLY196,GLY403,0.03282170526713149
WT_vs_E150K,reference,74,ASN82,ASN82,ASN289,0.03244423954334557
WT_vs_E150K,reference,75,SER7,SER7,SER214,0.03201166472850622
WT_vs_E150K,reference,76,ASP178,ASP178,ASP385,0.03105451233643528
WT_vs_E150K,reference,77,HSD63,HSD63,HSD270,0.030514850959417687
WT_vs_E150K,reference,78,ALA13,ALA13,ALA220,0.030434758421821452
WT_vs_E150K,reference,79,ARG104,ARG104,ARG311,0.02933523452511383
WT_vs_E150K,reference,80,GLN109,GLN109,GLN316,0.027722701854979676
WT_vs_E150K,reference,81,ASP5,ASP5,ASP212,0.02769782918290448
WT_vs_E150K,reference,82,GLU204,GLU204,GLU411,0.025759814695788596
WT_vs_E150K,reference,83,GLY143,GLY143,GLY350,0.025454154626037354
WT_vs_E150K,reference,84,PHE67,PHE67,PHE274,0.02413424736032222
WT_vs_E150K,reference,85,LEU17,LEU17,LEU224,0.023862425229994835
WT_vs_E150K,reference,86,ALA54,ALA54,ALA261,0.02359652374136026
WT_vs_E150K,reference,87,GLN200,GLN200,GLN407,0.023277784190248133
WT_vs_E150K,reference,88,HSD64,HSD64,HSD271,0.022529502868862947
WT_vs_E150K,reference,89,PRO167,PRO167,PRO374,0.02183584872131973
WT_vs_E150K,reference,90,SER205,SER205,SER412,0.02034743299295589
WT_vs_E150K,reference,91,CYS121,CYS121,CYS328,0.020154772593340982
WT_vs_E150K,reference,92,ALA118,ALA118,ALA325,0.0201444341024833
WT_vs_E150K,reference,93,TYR42,TYR42,TYR249,0.019989992062872764
WT_vs_E150K,reference,94,SER135,SER135,SER342,0.01920657659016036
WT_vs_E150K,reference,95,ASN129,ASN129,ASN336,0.018707557673143867
WT_vs_E150K,reference,96,ILE57,ILE57,ILE264,0.01815027051883532
WT_vs_E150K,reference,97,SER74,SER74,SER281,0.01802580279740173
WT_vs_E150K,reference,98,HSD139,HSD139,HSD346,0.018024032708763463
WT_vs_E150K,reference,99,VAL45,VAL45,VAL252,0.017992249294318734
WT_vs_E150K,reference,100,ASN115,ASN115,ASN322,0.017964312232887983
WT_vs_E150K,reference,101,LEU4,LEU4,LEU211,0.01790502392312131
WT_vs_E150K,reference,102,TYR132,TYR132,TYR339,0.016373022522850337
WT_vs_E150K,reference,103,PHE125,PHE125,PHE332,0.015922616939111966
WT_vs_E150K,reference,104,PHE78,PHE78,PHE285,0.015845663536248222
WT_vs_E150K,reference,105,GLU183,GLU183,GLU390,0.015645526637588964
WT_vs_E150K,reference,106,HSD93,HSD93,HSD300,0.015009712339226586
WT_vs_E150K,reference,107,LEU91,LEU91,LEU298,0.01472147492514967
WT_vs_E150K,reference,108,CYS88,CYS88,CYS295,0.01466127983158063
WT_vs_E150K,reference,109,ALA31,ALA31,ALA238,0.013744055557833621
WT_vs_E150K,reference,110,CYS68,CYS68,CYS275,0.013645489213949672
WT_vs_E150K,reference,111,THR112,THR112,THR319,0.013485859182689125
WT_vs_E150K,reference,112,ALA130,ALA130,ALA337,0.013048074336589877
WT_vs_E150K,reference,113,GLU73,GLU73,GLU280,0.012838167099782445
WT_vs_E150K,reference,114,TRP75,TRP75,TRP282,0.012714558741900226
WT_vs_E150K,reference,115,GLN38,GLN38,GLN245,0.012260604153294611
WT_vs_E150K,reference,116,CYS195,CYS195,CYS402,0.012223392958006838
WT_vs_E150K,reference,117,LEU131,LEU131,LEU338,0.012185072678819422
WT_vs_E150K,reference,118,GLU175,GLU175,GLU382,0.012175502233802302
WT_vs_E150K,reference,119,LEU187,LEU187,LEU394,0.010631946292841948
WT_vs_E150K,reference,120,GLU71,GLU71,GLU278,0.01042385378878155
WT_vs_E150K,reference,121,LEU169,LEU169,LEU376,0.009776986771925535
WT_vs_E150K,reference,122,GLU128,GLU128,GLU335,0.00968098174566747
WT_vs_E150K,reference,123,ALA173,ALA173,ALA380,0.009666202972908797
WT_vs_E150K,reference,124,GLU37,GLU37,GLU244,0.009641660177277491
WT_vs_E150K,reference,125,ALA89,ALA89,ALA296,0.00928229654540407
WT_vs_E150K,reference,126,GLY72,GLY72,GLY279,0.009221158453903299
WT_vs_E150K,reference,127,PHE188,PHE188,PHE395,0.009041891081245325
WT_vs_E150K,reference,128,LEU41,LEU41,LEU248,0.008882956765509738
WT_vs_E150K,reference,129,GLU150,GLU150,GLU357,0.008803091895508472
WT_vs_E150K,reference,130,ASN81,ASN81,ASN288,0.00877059375009773
WT_vs_E150K,reference,131,GLN180,GLN180,GLN387,0.008518545551584874
WT_vs_E150K,reference,132,LYS6,LYS6,LYS213,0.008478920562338892
WT_vs_E150K,reference,133,GLU58,GLU58,GLU265,0.008472860129575557
WT_vs_E150K,reference,134,ARG3,ARG3,ARG210,0.008409190522292411
WT_vs_E150K,reference,135,CYS203,CYS203,CYS410,0.008284472151839
WT_vs_E150K,reference,136,MET59,MET59,MET266,0.008235226339852974
WT_vs_E150K,reference,137,LEU60,LEU60,LEU267,0.007885983568840297
WT_vs_E150K,reference,138,GLN149,GLN149,GLN356,0.007719664630055483
WT_vs_E150K,reference,139,PRO69,PRO69,PRO276,0.007714753732941403
WT_vs_E150K,reference,140,VAL36,VAL36,VAL243,0.007462734389240576
WT_vs_E150K,reference,141,VAL145,VAL145,VAL352,0.007244771234693783
WT_vs_E150K,reference,142,GLY206,GLY206,GLY413,0.007173052617657943
WT_vs_E150K,reference,143,SER2,SER2,SER209,0.00678234382885325
WT_vs_E150K,reference,144,LEU70,LEU70,LEU277,0.00639863387579719
WT_vs_E150K,reference,145,SER12,SER12,SER219,0.006217564660100638
WT_vs_E150K,reference,146,HSD44,HSD44,HSD251,0.006129819293797631
WT_vs_E150K,reference,147,GLN32,GLN32,GLN239,0.005813467226461557
WT_vs_E150K,reference,148,GLU107,GLU107,GLU314,0.005672857512411013
WT_vs_E150K,reference,149,LEU176,LEU176,LEU383,0.005611621774880823
WT_vs_E150K,reference,150,ILE22,ILE22,ILE229,0.005595327325083423
WT_vs_E150K,reference,151,ILE194,ILE194,ILE401,0.00552769230585499
WT_vs_E150K,reference,152,ARG80,ARG80,ARG287,0.005480667690103045
WT_vs_E150K,reference,153,LYS199,LYS199,LYS406,0.0051482032665091295
WT_vs_E150K,reference,154,GLY124,GLY124,GLY331,0.004765129490235944
WT_vs_E150K,reference,155,LEU113,LEU113,LEU320,0.004695895694958313
WT_vs_E150K,reference,156,ASP164,ASP164,ASP371,0.004673137381083136
WT_vs_E150K,reference,157,GLN116,GLN116,GLN323,0.0046045445900736795
WT_vs_E150K,reference,158,TYR110,TYR110,TYR317,0.004366111552137943
WT_vs_E150K,reference,159,PRO184,PRO184,PRO391,0.004356033796289757
WT_vs_E150K,reference,160,PRO39,PRO39,PRO246,0.004122902815492936
WT_vs_E150K,reference,161,VAL137,VAL137,VAL344,0.004048057735560375
WT_vs_E150K,reference,162,GLU191,GLU191,GLU398,0.003722336132253358
WT_vs_E150K,reference,163,THR27,THR27,THR234,0.0033220603306922964
WT_vs_E150K,reference,164,SER85,SER85,SER292,0.0032621876560619545
WT_vs_E150K,reference,165,SER207,SER207,SER414,0.0031922126204463252
WT_vs_E150K,reference,166,LEU120,LEU120,LEU327,0.0031787683683548846
WT_vs_E150K,reference,167,LYS84,LYS84,LYS291,0.0031667380066410632
WT_vs_E150K,reference,168,LYS108,LYS108,LYS315,0.0029331169566644147
WT_vs_E150K,reference,169,MET1,MET1,MET208,0.0028894958001340013
WT_vs_E150K,reference,170,GLU23,GLU23,GLU230,0.002878712895362595
WT_vs_E150K,reference,171,HSD179,HSD179,HSD386,0.00283796953794174
WT_vs_E150K,reference,172,LEU30,LEU30,LEU237,0.002829702780152442
WT_vs_E150K,reference,173,PRO168,PRO168,PRO375,0.002727369604616529
WT_vs_E150K,reference,174,GLU114,GLU114,GLU321,0.002681214097308072
WT_vs_E150K,reference,175,GLU198,GLU198,GLU405,0.0024455338966943184
WT_vs_E150K,reference,176,LEU51,LEU51,LEU258,0.0023804515835195187
WT_vs_E150K,reference,177,ASP77,ASP77,ASP284,0.0023622362628525073
WT_vs_E150K,reference,178,ALA83,ALA83,ALA290,0.002355509944305695
WT_vs_E150K,reference,179,ALA133,ALA133,ALA340,0.0023000258950039805
WT_vs_E150K,reference,180,THR141,THR141,THR348,0.0022833600301840804
WT_vs_E150K,reference,181,LEU117,LEU117,LEU324,0.0022315341165259563
WT_vs_E150K,reference,182,SER92,SER92,SER299,0.0020600602182593653
WT_vs_E150K,reference,183,THR40,THR40,THR247,0.0020293021543579003
WT_vs_E150K,reference,184,LYS48,LYS48,LYS255,0.0020176325314106716
WT_vs_E150K,reference,185,LEU34,LEU34,LEU241,0.0017937991395956844
WT_vs_E150K,reference,186,PHE119,PHE119,PHE326,0.0017085167448693446
WT_vs_E150K,reference,187,TRP43,TRP43,TRP250,0.0016482114788484029
WT_vs_E150K,reference,188,ASN11,ASN11,ASN218,0.0016404431176325848
WT_vs_E150K,reference,189,GLN76,GLN76,GLN283,0.0016168471199285814
WT_vs_E150K,reference,190,GLU111,GLU111,GLU318,0.0016104974929374081
WT_vs_E150K,reference,191,ASP61,ASP61,ASP268,0.001449159325286138
WT_vs_E150K,reference,192,GLY35,GLY35,GLY242,0.0014420192395294869
WT_vs_E150K,reference,193,LEU134,LEU134,LEU341,0.0013650314510650784
WT_vs_E150K,reference,194,ARG62,ARG62,ARG269,0.0013406762657964108
WT_vs_E150K,reference,195,GLN123,GLN123,GLN330,0.0013175219523471526
WT_vs_E150K,reference,196,LYS29,LYS29,LYS236,0.0012744145258132857
WT_vs_E150K,reference,197,LEU201,LEU201,LEU408,0.001265244303895925
WT_vs_E150K,reference,198,GLU15,GLU15,GLU222,0.0012543257732991876
WT_vs_E150K,reference,199,LYS33,LYS33,LYS240,0.0012206532406510205
WT_vs_E150K,reference,200,LYS8,LYS8,LYS215,0.0012014313303414948
WT_vs_E150K,reference,201,GLN122,GLN122,GLN329,0.0011571898889816247
WT_vs_E150K,reference,202,PHE140,PHE140,PHE347,0.0011132580761406402
WT_vs_E150K,reference,203,SER126,SER126,SER333,0.001046135826855567
WT_vs_E150K,reference,204,LEU127,LEU127,LEU334,0.001023438144039978
WT_vs_E150K,reference,205,CYS144,CYS144,CYS351,0.0009065118709769609
WT_vs_E150K,reference,206,GLY138,GLY138,GLY345,0.0005430828808273512
WT_vs_E150K,reference,207,LYS202,LYS202,LYS409,0.00043177675184935456
WT_vs_E150K,target,1,ARG104,ARG104,ARG311,1.2232980173965449
WT_vs_E150K,target,2,THR103,THR103,THR310,1.176769155478993
WT_vs_E150K,target,3,TYR132,TYR132,TYR339,1.0014343322335357
WT_vs_E150K,target,4,GLN116,GLN116,GLN323,0.9793046326977237
WT_vs_E150K,target,5,LEU113,LEU113,LEU320,0.9472119729461507
WT_vs_E150K,target,6,GLY138,GLY138,GLY345,0.9086039584938366
WT_vs_E150K,target,7,ASN129,ASN129,ASN336,0.8998941776421093
WT_vs_E150K,target,8,GLY102,GLY102,GLY309,0.8054605548574054
WT_vs_E150K,target,9,TYR110,TYR110,TYR317,0.7655896637858329
WT_vs_E150K,target,10,LEU117,LEU117,LEU324,0.717348269948882
WT_vs_E150K,target,11,LEU120,LEU120,LEU327,0.7055590238198768
WT_vs_E150K,target,12,PHE140,PHE140,PHE347,0.6958556350682141
WT_vs_E150K,target,13,PRO105,PRO105,PRO312,0.6462535909152578
WT_vs_E150K,target,14,GLU107,GLU107,GLU314,0.6353822923717616
WT_vs_E150K,target,15,PHE125,PHE125,PHE332,0.5288627109087565
WT_vs_E150K,target,16,THR106,THR106,THR313,0.4865507303208002
WT_vs_E150K,target,17,ALA130,ALA130,ALA337,0.46026255933213744
WT_vs_E150K,target,18,SER135,SER135,SER342,0.43023355064735924
WT_vs_E150K,target,19,HSD139,HSD139,HSD346,0.3889787418254532
WT_vs_E150K,target,20,LYS98,LYS98,LYS305,0.28924348575231884
WT_vs_E150K,target,21,THR160,THR160,THR367,0.27648900948167393
WT_vs_E150K,target,22,GLU159,GLU159,GLU366,0.25642719714743856
WT_vs_E150K,target,23,GLY143,GLY143,GLY350,0.2516745769812725
WT_vs_E150K,target,24,VAL99,VAL99,VAL306,0.24398681020433352
WT_vs_E150K,target,25,ASP148,ASP148,ASP355,0.1381865712186253
WT_vs_E150K,target,26,THR162,THR162,THR369,0.13566298444230634
WT_vs_E150K,target,27,PRO161,PRO161,PRO368,0.134644752311052
WT_vs_E150K,target,28,THR163,THR163,THR370,0.1339436506560907
WT_vs_E150K,target,29,LEU146,LEU146,LEU353,0.12310155763021086
WT_vs_E150K,target,30,GLU147,GLU147,GLU354,0.11922623681009493
WT_vs_E150K,target,31,ALA154,ALA154,ALA361,0.11754131907989007
WT_vs_E150K,target,32,HSD151,HSD151,HSD358,0.11094941823113434
WT_vs_E150K,target,33,ASP53,ASP53,ASP260,0.10279522618318906
WT_vs_E150K,target,34,SER165,SER165,SER372,0.0848014189467663
WT_vs_E150K,target,35,ALA185,ALA185,ALA392,0.08182053880779697
WT_vs_E150K,target,36,ILE174,ILE174,ILE381,0.07924834733717967
WT_vs_E150K,target,37,PHE177,PHE177,PHE384,0.072433886464093
WT_vs_E150K,target,38,LEU52,LEU52,LEU259,0.07011814951777787
WT_vs_E150K,target,39,MET166,MET166,MET373,0.06442159755889308
WT_vs_E150K,target,40,ASN47,ASN47,ASN254,0.06433270167808097
WT_vs_E150K,target,41,LEU190,LEU190,LEU397,0.0627891904430822
WT_vs_E150K,target,42,GLY181,GLY181,GLY388,0.05812945770836343
WT_vs_E150K,target,43,ALA50,ALA50,ALA257,0.05719062203103108
WT_vs_E150K,target,44,ILE193,ILE193,ILE400,0.05540998883472638
WT_vs_E150K,target,45,ALA89,ALA89,ALA296,0.055255350230486125
WT_vs_E150K,target,46,ALA83,ALA83,ALA290,0.0537518051172637
WT_vs_E150K,target,47,GLY96,GLY96,GLY303,0.0459256495748001
WT_vs_E150K,target,48,ALA182,ALA182,ALA389,0.044661590739705236
WT_vs_E150K,target,49,LEU55,LEU55,LEU262,0.04369301412155176
WT_vs_E150K,target,50,LEU90,LEU90,LEU297,0.04279064145461448
WT_vs_E150K,target,51,ARG171,ARG171,ARG378,0.0399625402452356
WT_vs_E150K,target,52,ALA97,ALA97,ALA304,0.03796033766809273
WT_vs_E150K,target,53,SER205,SER205,SER412,0.036302173634897086
WT_vs_E150K,target,54,ARG94,ARG94,ARG301,0.035881288931809176
WT_vs_E150K,target,55,ASN18,ASN18,ASN225,0.034841942630228454
WT_vs_E150K,target,56,LEU192,LEU192,LEU399,0.033871808104567316
WT_vs_E150K,target,57,LYS46,LYS46,LYS253,0.03252973571911674
WT_vs_E150K,target,58,ASP95,ASP95,ASP302,0.03218146151791063
WT_vs_E150K,target,59,GLU58,GLU58,GLU265,0.03128929968642752
WT_vs_E150K,target,60,GLY24,GLY24,GLY231,0.030890279887881626
WT_vs_E150K,target,61,LEU197,LEU197,LEU404,0.030804709634125026
WT_vs_E150K,target,62,LEU14,LEU14,LEU221,0.029740510295785217
WT_vs_E150K,target,63,LYS202,LYS202,LYS409,0.027520379575294605
WT_vs_E150K,target,64,GLU204,GLU204,GLU411,0.023445865542250574
WT_vs_E150K,target,65,GLY206,GLY206,GLY413,0.022559566299569223
WT_vs_E150K,target,66,MET59,MET59,MET266,0.022121258748033418
WT_vs_E150K,target,67,ALA54,ALA54,ALA261,0.021926337215250703
WT_vs_E150K,target,68,LEU79,LEU79,LEU286,0.021676209655893203
WT_vs_E150K,target,69,ASP61,ASP61,ASP268,0.020866976054386147
WT_vs_E150K,target,70,LEU25,LEU25,LEU232,0.020593861558178758
WT_vs_E150K,target,71,HSD66,HSD66,HSD273,0.018077311613844238
WT_vs_E150K,target,72,PHE186,PHE186,PHE393,0.017161162390148307
WT_vs_E150K,target,73,TYR42,TYR42,TYR249,0.01689493111450434
WT_vs_E150K,target,74,VAL45,VAL45,VAL252,0.016664065322345028
WT_vs_E150K,target,75,THR65,THR65,THR272,0.015928750445562787
WT_vs_E150K,target,76,ILE57,ILE57,ILE264,0.015763261217241642
WT_vs_E150K,target,77,GLN195,GLN195,GLN402,0.015449625516743313
WT_vs_E150K,target,78,GLU19,GLU19,GLU226,0.014764360330841511
WT_vs_E150K,target,79,VAL20,VAL20,VAL227,0.014482458424666738
WT_vs_E150K,target,80,GLY21,GLY21,GLY228,0.014370481976070649
WT_vs_E150K,target,81,LYS199,LYS199,LYS406,0.013583415293919075
WT_vs_E150K,target,82,GLU37,GLU37,GLU244,0.012564985988230455
WT_vs_E150K,target,83,HSD64,HSD64,HSD271,0.012013884332365632
WT_vs_E150K,target,84,LEU41,LEU41,LEU248,0.011955968610904318
WT_vs_E150K,target,85,ARG49,ARG49,ARG256,0.011680141794298608
WT_vs_E150K,target,86,ALA56,ALA56,ALA263,0.011578988520709153
WT_vs_E150K,target,87,GLN38,GLN38,GLN245,0.011545576180896518
WT_vs_E150K,target,88,LEU101,LEU101,LEU308,0.011513837617454302
WT_vs_E150K,target,89,GLN200,GLN200,GLN407,0.010394438299016507
WT_vs_E150K,target,90,PHE67,PHE67,PHE274,0.009670560065812017
WT_vs_E150K,target,91,GLU73,GLU73,GLU280,0.009574650458666876
WT_vs_E150K,target,92,VAL36,VAL36,VAL243,0.009524767182173014
WT_vs_E150K,target,93,LEU16,LEU16,LEU223,0.009144471041290613
WT_vs_E150K,target,94,PHE86,PHE86,PHE293,0.008956762149110375
WT_vs_E150K,target,95,GLN172,GLN172,GLN379,0.008387610587424231
WT_vs_E150K,target,96,GLU15,GLU15,GLU222,0.008223425950501488
WT_vs_E150K,target,97,LEU170,LEU170,LEU377,0.008130625491135645
WT_vs_E150K,target,98,CYS68,CYS68,CYS275,0.008115505587953984
WT_vs_E150K,target,99,ALA13,ALA13,ALA220,0.00796739354560069
WT_vs_E150K,target,100,GLU71,GLU71,GLU278,0.007928401209130641
WT_vs_E150K,target,101,ASN82,ASN82,ASN289,0.007925926858398356
WT_vs_E150K,target,102,GLY196,GLY196,GLY403,0.00785165451903935
WT_vs_E150K,target,103,GLY189,GLY189,GLY396,0.007649996212610534
WT_vs_E150K,target,104,THR26,THR26,THR233,0.007556808696455466
WT_vs_E150K,target,105,THR112,THR112,THR319,0.007490207284823988
WT_vs_E150K,target,106,GLU175,GLU175,GLU382,0.007472503368126339
WT_vs_E150K,target,107,GLN109,GLN109,GLN316,0.007277783985707392
WT_vs_E150K,target,108,SER74,SER74,SER281,0.007196779376926565
WT_vs_E150K,target,109,GLY72,GLY72,GLY279,0.007139560819412746
WT_vs_E150K,target,110,PRO69,PRO69,PRO276,0.007013198785416541
WT_vs_E150K,target,111,SER207,SER207,SER414,0.006968690193656065
WT_vs_E150K,target,112,LEU17,LEU17,LEU224,0.006928134295263577
WT_vs_E150K,target,113,ALA133,ALA133,ALA340,0.006464210045239572
WT_vs_E150K,target,114,VAL9,VAL9,VAL216,0.006383202639353817
WT_vs_E150K,target,115,LYS108,LYS108,LYS315,0.006049050114921523
WT_vs_E150K,target,116,ASP5,ASP5,ASP212,0.005928385301422729
WT_vs_E150K,target,117,VAL137,VAL137,VAL344,0.0058542134999121035
WT_vs_E150K,target,118,ILE10,ILE10,ILE217,0.0058141974635241974
WT_vs_E150K,target,119,LYS150,LYS150,LYS357,0.0057163044875820496
WT_vs_E150K,target,120,PRO167,PRO167,PRO374,0.005433332953131876
WT_vs_E150K,target,121,GLN152,GLN152,GLN359,0.005325783002653127
WT_vs_E150K,target,122,TRP75,TRP75,TRP282,0.005203776734656837
WT_vs_E150K,target,123,LEU4,LEU4,LEU211,0.005176518065628726
WT_vs_E150K,target,124,SER126,SER126,SER333,0.004984356770415203
WT_vs_E150K,target,125,LEU34,LEU34,LEU241,0.004956208868721291
WT_vs_E150K,target,126,ARG3,ARG3,ARG210,0.004838012411224649
WT_vs_E150K,target,127,LEU70,LEU70,LEU277,0.004803260005611071
WT_vs_E150K,target,128,SER7,SER7,SER214,0.004674757777854076
WT_vs_E150K,target,129,CYS203,CYS203,CYS410,0.004662792030867455
WT_vs_E150K,target,130,ALA118,ALA118,ALA325,0.004606237316434149
WT_vs_E150K,target,131,LEU30,LEU30,LEU237,0.004586130210470713
WT_vs_E150K,target,132,PHE119,PHE119,PHE326,0.004544397410807178
WT_vs_E150K,target,133,LEU187,LEU187,LEU394,0.004530843790190711
WT_vs_E150K,target,134,LEU176,LEU176,LEU383,0.004414263693705651
WT_vs_E150K,target,135,ASN115,ASN115,ASN322,0.004304818555452417
WT_vs_E150K,target,136,ARG28,ARG28,ARG235,0.004286162216439125
WT_vs_E150K,target,137,PHE78,PHE78,PHE285,0.004052892564245248
WT_vs_E150K,target,138,ASP178,ASP178,ASP385,0.004042293606836958
WT_vs_E150K,target,139,SER2,SER2,SER209,0.003984268513184943
WT_vs_E150K,target,140,LYS155,LYS155,LYS362,0.003953956319250519
WT_vs_E150K,target,141,GLN149,GLN149,GLN356,0.0038358997028677165
WT_vs_E150K,target,142,HSD93,HSD93,HSD300,0.0037936711779358754
WT_vs_E150K,target,143,HSD63,HSD63,HSD270,0.0036075227568959783
WT_vs_E150K,target,144,ARG158,ARG158,ARG365,0.00348497843418328
WT_vs_E150K,target,145,LYS48,LYS48,LYS255,0.003419744528108442
WT_vs_E150K,target,146,GLU23,GLU23,GLU230,0.003389199306267417
WT_vs_E150K,target,147,LEU60,LEU60,LEU267,0.00335885856228755
WT_vs_E150K,target,148,VAL145,VAL145,VAL352,0.0032559566148850226
WT_vs_E150K,target,149,PHE188,PHE188,PHE395,0.00317161405438437
WT_vs_E150K,target,150,GLU183,GLU183,GLU390,0.0028678239473545696
WT_vs_E150K,target,151,LEU142,LEU142,LEU349,0.002836618859169161
WT_vs_E150K,target,152,HSD44,HSD44,HSD251,0.0028325825408971033
WT_vs_E150K,target,153,GLU157,GLU157,GLU364,0.002763646868281057
WT_vs_E150K,target,154,ILE194,ILE194,ILE401,0.0027106698049608013
WT_vs_E150K,target,155,ARG87,ARG87,ARG294,0.0026433004903068137
WT_vs_E150K,target,156,HSD100,HSD100,HSD307,0.0026427354983948772
WT_vs_E150K,target,157,ALA31,ALA31,ALA238,0.002547193412148552
WT_vs_E150K,target,158,PRO39,PRO39,PRO246,0.0024548282494706677
WT_vs_E150K,target,159,GLU191,GLU191,GLU398,0.0023781505081974874
WT_vs_E150K,target,160,LEU51,LEU51,LEU258,0.0023765194605440063
WT_vs_E150K,target,161,GLU198,GLU198,GLU405,0.002348888718822456
WT_vs_E150K,target,162,CYS121,CYS121,CYS328,0.0023330112351493152
WT_vs_E150K,target,163,GLU111,GLU111,GLU318,0.0023049290505453572
WT_vs_E150K,target,164,GLN180,GLN180,GLN387,0.0019572205271273244
WT_vs_E150K,target,165,GLY124,GLY124,GLY331,0.0018356845208892085
WT_vs_E150K,target,166,GLN123,GLN123,GLN330,0.001712547330085786
WT_vs_E150K,target,167,ASP164,ASP164,ASP371,0.00169553213050463
WT_vs_E150K,target,168,PRO184,PRO184,PRO391,0.0016081131773983274
WT_vs_E150K,target,169,THR40,THR40,THR247,0.0015888330629920387
WT_vs_E150K,target,170,LYS6,LYS6,LYS213,0.001474454470768491
WT_vs_E150K,target,171,MET1,MET1,MET208,0.0014608404435490826
WT_vs_E150K,target,172,ILE22,ILE22,ILE229,0.0014314787822052723
WT_vs_E150K,target,173,VAL153,VAL153,VAL360,0.001421074863697226
WT_vs_E150K,target,174,GLU114,GLU114,GLU321,0.0014090312339561767
WT_vs_E150K,target,175,LEU169,LEU169,LEU376,0.0013884936718519694
WT_vs_E150K,target,176,LEU131,LEU131,LEU338,0.0013139782805875774
WT_vs_E150K,target,177,GLN32,GLN32,GLN239,0.0013099526036390754
WT_vs_E150K,target,178,ALA173,ALA173,ALA380,0.0013048661928584363
WT_vs_E150K,target,179,HSD179,HSD179,HSD386,0.0011993157012062878
WT_vs_E150K,target,180,ARG80,ARG80,ARG287,0.0011744143614406408
WT_vs_E150K,target,181,LYS84,LYS84,LYS291,0.0011407940168279038
WT_vs_E150K,target,182,GLU128,GLU128,GLU335,0.0011304999029585114
WT_vs_E150K,target,183,ALA136,ALA136,ALA343,0.0011083168133556795
WT_vs_E150K,target,184,GLU156,GLU156,GLU363,0.0010427441350781925
WT_vs_E150K,target,185,TRP43,TRP43,TRP250,0.0010196597098952567
WT_vs_E150K,target,186,GLY35,GLY35,GLY242,0.0009621071121519001
WT_vs_E150K,target,187,THR27,THR27,THR234,0.0009602820593292447
WT_vs_E150K,target,188,SER92,SER92,SER299,0.0009294448323144069
WT_vs_E150K,target,189,LEU91,LEU91,LEU298,0.0009159076442012096
WT_vs_E150K,target,190,SER85,SER85,SER292,0.000910348100590657
WT_vs_E150K,target,191,SER12,SER12,SER219,0.000885930820308221
WT_vs_E150K,target,192,CYS88,CYS88,CYS295,0.0008670952627311691
WT_vs_E150K,target,193,CYS144,CYS144,CYS351,0.0007794422500874376
WT_vs_E150K,target,194,LYS29,LYS29,LYS236,0.0007590753019534441
WT_vs_E150K,target,195,PRO168,PRO168,PRO375,0.0007407547358771163
WT_vs_E150K,target,196,ARG62,ARG62,ARG269,0.000711563673807604
WT_vs_E150K,target,197,LYS33,LYS33,LYS240,0.0006731941104272312
WT_vs_E150K,target,198,GLN122,GLN122,GLN329,0.0006060273175613384
WT_vs_E150K,target,199,LYS8,LYS8,LYS215,0.0005342190211277374
WT_vs_E150K,target,200,ASP77,ASP77,ASP284,0.0005093486524001434
WT_vs_E150K,target,201,ASN81,ASN81,ASN288,0.0004674128571323409
WT_vs_E150K,target,202,LEU134,LEU134,LEU341,0.0004473060215108738
WT_vs_E150K,target,203,LEU127,LEU127,LEU334,0.00043478615184209634
WT_vs_E150K,target,204,LEU201,LEU201,LEU408,0.0004285947047322449
WT_vs_E150K,target,205,GLN76,GLN76,GLN283,0.0003606623465653667
WT_vs_E150K,target,206,ASN11,ASN11,ASN218,0.00034639472539176985
WT_vs_E150K,target,207,THR141,THR141,THR348,0.0002566821553686965
G102D_vs_E150K,reference,1,THR160,THR160,THR367,0.3754762443207381
G102D_vs_E150K,reference,2,HSD100,HSD100,HSD307,0.3621179768238296
G102D_vs_E150K,reference,3,LEU101,LEU101,LEU308,0.36089649253570344
G102D_vs_E150K,reference,4,PRO161,PRO161,PRO368,0.3259403710054586
G102D_vs_E150K,reference,5,ALA136,ALA136,ALA343,0.28317880055912187
G102D_vs_E150K,reference,6,GLN109,GLN109,GLN316,0.26250208320326307
G102D_vs_E150K,reference,7,GLU157,GLU157,GLU364,0.2576083849876231
G102D_vs_E150K,reference,8,SER165,SER165,SER372,0.1990297467690227
G102D_vs_E150K,reference,9,ARG158,ARG158,ARG365,0.19668163386672083
G102D_vs_E150K,reference,10,PRO105,PRO105,PRO312,0.14516770419577207
G102D_vs_E150K,reference,11,THR162,THR162,THR369,0.12474632094612924
G102D_vs_E150K,reference,12,THR106,THR106,THR313,0.11707368033545446
G102D_vs_E150K,reference,13,ASP164,ASP164,ASP371,0.10906032969112739
G102D_vs_E150K,reference,14,ARG104,ARG104,ARG311,0.10439204424618692
G102D_vs_E150K,reference,15,MET166,MET166,MET373,0.09902820734965045
G102D_vs_E150K,reference,16,PHE177,PHE177,PHE384,0.09808678612506194
G102D_vs_E150K,reference,17,GLY21,GLY21,GLY228,0.09172695864169761
G102D_vs_E150K,reference,18,ILE174,ILE174,ILE381,0.08209006045425693
G102D_vs_E150K,reference,19,TYR110,TYR110,TYR317,0.08123335810256674
G102D_vs_E150K,reference,20,THR163,THR163,THR370,0.07944578660728213
G102D_vs_E150K,reference,21,ASN129,ASN129,ASN336,0.07550586244076168
G102D_vs_E150K,reference,22,ASP102,ASP102,ASP309,0.07173351971145375
G102D_vs_E150K,reference,23,PHE125,PHE125,PHE332,0.07163319281174198
G102D_vs_E150K,reference,24,LEU120,LEU120,LEU327,0.0711872204006595
G102D_vs_E150K,reference,25,TYR132,TYR132,TYR339,0.06690978833009964
G102D_vs_E150K,reference,26,HSD151,HSD151,HSD358,0.06135142506759114
G102D_vs_E150K,reference,27,LEU113,LEU113,LEU320,0.057433194565357684
G102D_vs_E150K,reference,28,ALA130,ALA130,ALA337,0.0538171259417376
G102D_vs_E150K,reference,29,ASP53,ASP53,ASP260,0.05254226960161543
G102D_vs_E150K,reference,30,ALA154,ALA154,ALA361,0.05227327214636618
G102D_vs_E150K,reference,31,GLN116,GLN116,GLN323,0.05142193747876833
G102D_vs_E150K,reference,32,LEU117,LEU117,LEU324,0.049269920840486876
G102D_vs_E150K,reference,33,LEU17,LEU17,LEU224,0.04827400995978534
G102D_vs_E150K,reference,34,THR103,THR103,THR310,0.045958169657566855
G102D_vs_E150K,reference,35,ALA54,ALA54,ALA261,0.04558526181363033
G102D_vs_E150K,reference,36,ARG171,ARG171,ARG378,0.043500917286261924
G102D_vs_E150K,reference,37,SER135,SER135,SER342,0.04287227188647859
G102D_vs_E150K,reference,38,ALA97,ALA97,ALA304,0.04068332004922631
G102D_vs_E150K,reference,39,LYS98,LYS98,LYS305,0.04011232040073409
G102D_vs_E150K,reference,40,VAL99,VAL99,VAL306,0.03689442644126327
G102D_vs_E150K,reference,41,GLY143,GLY143,GLY350,0.0357727196596329
G102D_vs_E150K,reference,42,PHE140,PHE140,PHE347,0.032111095180970425
G102D_vs_E150K,reference,43,VAL45,VAL45,VAL252,0.03124154805893937
G102D_vs_E150K,reference,44,ASP148,ASP148,ASP355,0.031196440993557405
G102D_vs_E150K,reference,45,GLU147,GLU147,GLU354,0.031044497375872466
G102D_vs_E150K,reference,46,GLY181,GLY181,GLY388,0.02998520472237738
G102D_vs_E150K,reference,47,ILE57,ILE57,ILE264,0.028775057572983726
G102D_vs_E150K,reference,48,GLY96,GLY96,GLY303,0.028660570989229594
G102D_vs_E150K,reference,49,ASP95,ASP95,ASP302,0.02786990208303075
G102D_vs_E150K,reference,50,ALA182,ALA182,ALA389,0.02599370631907634
G102D_vs_E150K,reference,51,ALA50,ALA50,ALA257,0.025164210622849577
G102D_vs_E150K,reference,52,HSD139,HSD139,HSD346,0.02351719107937493
G102D_vs_E150K,reference,53,LEU25,LEU25,LEU232,0.022901325440947903
G102D_vs_E150K,reference,54,ARG28,ARG28,ARG235,0.022377372148197634
G102D_vs_E150K,reference,55,THR26,THR26,THR233,0.020007583649706992
G102D_vs_E150K,reference,56,LEU90,LEU90,LEU297,0.01928587094074782
G102D_vs_E150K,reference,57,PRO39,PRO39,PRO246,0.01920160145043988
G102D_vs_E150K,reference,58,LYS46,LYS46,LYS253,0.018618055912903594
G102D_vs_E150K,reference,59,LEU146,LEU146,LEU353,0.01843129268284619
G102D_vs_E150K,reference,60,GLY24,GLY24,GLY231,0.01796023893989812
G102D_vs_E150K,reference,61,GLU204,GLU204,GLU411,0.017810916481837153
G102D_vs_E150K,reference,62,SER205,SER205,SER412,0.017508147780412486
G102D_vs_E150K,reference,63,THR112,THR112,THR319,0.01678735718749591
G102D_vs_E150K,reference,64,GLY189,GLY189,GLY396,0.016108698262606632
G102D_vs_E150K,reference,65,ASN47,ASN47,ASN254,0.015526394269689995
G102D_vs_E150K,reference,66,ALA185,ALA185,ALA392,0.015447474073098204
G102D_vs_E150K,reference,67,LEU14,LEU14,LEU221,0.01515409341027477
G102D_vs_E150K,reference,68,PHE186,PHE186,PHE393,0.014865311018111244
G102D_vs_E150K,reference,69,ALA89,ALA89,ALA296,0.014609759676349685
G102D_vs_E150K,reference,70,TYR42,TYR42,TYR249,0.01455110608350781
G102D_vs_E150K,reference,71,HSD64,HSD64,HSD271,0.013944775608680307
G102D_vs_E150K,reference,72,PHE86,PHE86,PHE293,0.01380540754401332
G102D_vs_E150K,reference,73,GLY124,GLY124,GLY331,0.013240420238846355
G102D_vs_E150K,reference,74,PHE67,PHE67,PHE274,0.012551787198323084
G102D_vs_E150K,reference,75,LEU192,LEU192,LEU399,0.012506807500731056
G102D_vs_E150K,reference,76,HSD66,HSD66,HSD273,0.012414919482853828
G102D_vs_E150K,reference,77,GLY206,GLY206,GLY413,0.012313304092980246
G102D_vs_E150K,reference,78,THR65,THR65,THR272,0.012103206757477107
G102D_vs_E150K,reference,79,ALA118,ALA118,ALA325,0.012040828548564891
G102D_vs_E150K,reference,80,GLY196,GLY196,GLY403,0.011971879624432177
G102D_vs_E150K,reference,81,ILE193,ILE193,ILE400,0.011320877525063727
G102D_vs_E150K,reference,82,ASN115,ASN115,ASN322,0.011265110432520304
G102D_vs_E150K,reference,83,LEU30,LEU30,LEU237,0.010992566640827633
G102D_vs_E150K,reference,84,GLU73,GLU73,GLU280,0.010903901859742146
G102D_vs_E150K,reference,85,ASN82,ASN82,ASN289,0.010874298441803324
G102D_vs_E150K,reference,86,ALA83,ALA83,ALA290,0.01052789239117527
G102D_vs_E150K,reference,87,GLU58,GLU58,GLU265,0.010203668635567003
G102D_vs_E150K,reference,88,SER7,SER7,SER214,0.010099718629481953
G102D_vs_E150K,reference,89,PRO167,PRO167,PRO374,0.010062470850792789
G102D_vs_E150K,reference,90,ASP61,ASP61,ASP268,0.009369477955514608
G102D_vs_E150K,reference,91,LEU170,LEU170,LEU377,0.008817088986499983
G102D_vs_E150K,reference,92,GLU71,GLU71,GLU278,0.007934507224499593
G102D_vs_E150K,reference,93,PHE78,PHE78,PHE285,0.007866044495181647
G102D_vs_E150K,reference,94,CYS68,CYS68,CYS275,0.007825469319124203
G102D_vs_E150K,reference,95,ALA56,ALA56,ALA263,0.0077559402000010646
G102D_vs_E150K,reference,96,GLN172,GLN172,GLN379,0.0076635674225081505
G102D_vs_E150K,reference,97,LEU79,LEU79,LEU286,0.00709530468759667
G102D_vs_E150K,reference,98,ILE10,ILE10,ILE217,0.006977447674748827
G102D_vs_E150K,reference,99,ASP5,ASP5,ASP212,0.006815732539684625
G102D_vs_E150K,reference,100,CYS203,CYS203,CYS410,0.006811757846708321
G102D_vs_E150K,reference,101,GLN38,GLN38,GLN245,0.006542629013697067
G102D_vs_E150K,reference,102,LYS84,LYS84,LYS291,0.006532903311590038
G102D_vs_E150K,reference,103,ASP178,ASP178,ASP385,0.006514537994657024
G102D_vs_E150K,reference,104,LEU51,LEU51,LEU258,0.006445099121371764
G102D_vs_E150K,reference,105,HSD63,HSD63,HSD270,0.0064054374291788235
G102D_vs_E150K,reference,106,LEU4,LEU4,LEU211,0.00636907453136785
G102D_vs_E150K,reference,107,LEU197,LEU197,LEU404,0.006233872818242572
G102D_vs_E150K,reference,108,GLY72,GLY72,GLY279,0.0061483391270151224
G102D_vs_E150K,reference,109,SER12,SER12,SER219,0.005959097740378566
G102D_vs_E150K,reference,110,LEU70,LEU70,LEU277,0.005791280612501113
G102D_vs_E150K,reference,111,CYS121,CYS121,CYS328,0.0055340720434479485
G102D_vs_E150K,reference,112,VAL9,VAL9,VAL216,0.0053526770106165425
G102D_vs_E150K,reference,113,ALA13,ALA13,ALA220,0.005343651706364828
G102D_vs_E150K,reference,114,GLU37,GLU37,GLU244,0.005299326877066867
G102D_vs_E150K,reference,115,ARG87,ARG87,ARG294,0.005165435457456104
G102D_vs_E150K,reference,116,GLU175,GLU175,GLU382,0.005105736594386401
G102D_vs_E150K,reference,117,ASN11,ASN11,ASN218,0.004918372840254285
G102D_vs_E150K,reference,118,ALA173,ALA173,ALA380,0.004833390088575167
G102D_vs_E150K,reference,119,ARG3,ARG3,ARG210,0.0048308250145745945
G102D_vs_E150K,reference,120,SER74,SER74,SER281,0.004621761292873126
G102D_vs_E150K,reference,121,SER207,SER207,SER414,0.004468795893672101
G102D_vs_E150K,reference,122,TRP75,TRP75,TRP282,0.004385423910260155
G102D_vs_E150K,reference,123,LYS155,LYS155,LYS362,0.004209123735224893
G102D_vs_E150K,reference,124,GLN32,GLN32,GLN239,0.004153693518742625
G102D_vs_E150K,reference,125,GLN200,GLN200,GLN407,0.004097734277299897
G102D_vs_E150K,reference,126,PRO69,PRO69,PRO276,0.0038708157661820194
G102D_vs_E150K,reference,127,GLU156,GLU156,GLU363,0.00374798048268296
G102D_vs_E150K,reference,128,GLN152,GLN152,GLN359,0.00348236553146991
G102D_vs_E150K,reference,129,GLU159,GLU159,GLU366,0.0034823311278947104
G102D_vs_E150K,reference,130,LEU52,LEU52,LEU259,0.003312448261992955
G102D_vs_E150K,reference,131,LEU131,LEU131,LEU338,0.0030425226796204513
G102D_vs_E150K,reference,132,GLU114,GLU114,GLU321,0.002883440372054762
G102D_vs_E150K,reference,133,SER2,SER2,SER209,0.0028374711909499957
G102D_vs_E150K,reference,134,ARG49,ARG49,ARG256,0.0026788332369931077
G102D_vs_E150K,reference,135,GLU111,GLU111,GLU318,0.0025966071690628747
G102D_vs_E150K,reference,136,LEU142,LEU142,LEU349,0.002393570981873176
G102D_vs_E150K,reference,137,ARG94,ARG94,ARG301,0.0022911478122339597
G102D_vs_E150K,reference,138,PHE119,PHE119,PHE326,0.002201915553303509
G102D_vs_E150K,reference,139,SER126,SER126,SER333,0.0021749141989407025
G102D_vs_E150K,reference,140,LEU55,LEU55,LEU262,0.0021284265889994765
G102D_vs_E150K,reference,141,PRO168,PRO168,PRO375,0.0020990667524369783
G102D_vs_E150K,reference,142,CYS195,CYS195,CYS402,0.002030478034991954
G102D_vs_E150K,reference,143,VAL36,VAL36,VAL243,0.0020200862080878303
G102D_vs_E150K,reference,144,MET59,MET59,MET266,0.0019139004046566125
G102D_vs_E150K,reference,145,THR27,THR27,THR234,0.0017987689332711167
G102D_vs_E150K,reference,146,GLU150,GLU150,GLU357,0.0017051633603102155
G102D_vs_E150K,reference,147,ARG62,ARG62,ARG269,0.0016080226771165245
G102D_vs_E150K,reference,148,ALA31,ALA31,ALA238,0.0015720115525284534
G102D_vs_E150K,reference,149,ARG80,ARG80,ARG287,0.0015630795326712292
G102D_vs_E150K,reference,150,LEU134,LEU134,LEU341,0.0015370057434101535
G102D_vs_E150K,reference,151,VAL20,VAL20,VAL227,0.0014610391765003154
G102D_vs_E150K,reference,152,MET1,MET1,MET208,0.0014539387041928196
G102D_vs_E150K,reference,153,HSD93,HSD93,HSD300,0.0014147013367175692
G102D_vs_E150K,reference,154,GLN76,GLN76,GLN283,0.0013559590999498137
G102D_vs_E150K,reference,155,GLU183,GLU183,GLU390,0.0013457465928766767
G102D_vs_E150K,reference,156,LYS108,LYS108,LYS315,0.0013179633192282247
G102D_vs_E150K,reference,157,ASN18,ASN18,ASN225,0.0012859500466525942
G102D_vs_E150K,reference,158,LEU169,LEU169,LEU376,0.0012436237526186424
G102D_vs_E150K,reference,159,TRP43,TRP43,TRP250,0.0012435333807751872
G102D_vs_E150K,reference,160,GLU107,GLU107,GLU314,0.00118359449801069
G102D_vs_E150K,reference,161,LEU16,LEU16,LEU223,0.0011053606854213552
G102D_vs_E150K,reference,162,LEU34,LEU34,LEU241,0.0010327280945089524
G102D_vs_E150K,reference,163,ALA133,ALA133,ALA340,0.0010052645980197943
G102D_vs_E150K,reference,164,LYS6,LYS6,LYS213,0.0009893519530559877
G102D_vs_E150K,reference,165,HSD44,HSD44,HSD251,0.0009608061872682813
G102D_vs_E150K,reference,166,GLU19,GLU19,GLU226,0.0009551206930599044
G102D_vs_E150K,reference,167,LEU91,LEU91,LEU298,0.0009218499115890028
G102D_vs_E150K,reference,168,GLN122,GLN122,GLN329,0.0008993660531168824
G102D_vs_E150K,reference,169,CYS144,CYS144,CYS351,0.0008557339268345544
G102D_vs_E150K,reference,170,GLN180,GLN180,GLN387,0.0008556691517989017
G102D_vs_E150K,reference,171,GLU128,GLU128,GLU335,0.0008486687445922451
G102D_vs_E150K,reference,172,LEU176,LEU176,LEU383,0.0008425097687240384
G102D_vs_E150K,reference,173,CYS88,CYS88,CYS295,0.0008267747367563783
G102D_vs_E150K,reference,174,GLN123,GLN123,GLN330,0.0007995539271933549
G102D_vs_E150K,reference,175,VAL153,VAL153,VAL360,0.0007690255900515813
G102D_vs_E150K,reference,176,SER85,SER85,SER292,0.0007648064079097771
G102D_vs_E150K,reference,177,HSD179,HSD179,HSD386,0.0007373214916671924
G102D_vs_E150K,reference,178,ASN81,ASN81,ASN288,0.0007283386652445004
G102D_vs_E150K,reference,179,THR40,THR40,THR247,0.0007125071645210501
G102D_vs_E150K,reference,180,ASP77,ASP77,ASP284,0.0007004082452346048
G102D_vs_E150K,reference,181,SER92,SER92,SER299,0.0006827109453463676
G102D_vs_E150K,reference,182,LEU41,LEU41,LEU248,0.0006323694173997166
G102D_vs_E150K,reference,183,LEU60,LEU60,LEU267,0.0006244372439049872
G102D_vs_E150K,reference,184,PHE188,PHE188,PHE395,0.0005925765453266881
G102D_vs_E150K,reference,185,LEU127,LEU127,LEU334,0.0005767655121932556
G102D_vs_E150K,reference,186,LYS33,LYS33,LYS240,0.0005503252774042591
G102D_vs_E150K,reference,187,LYS8,LYS8,LYS215,0.0005499664353844768
G102D_vs_E150K,reference,188,GLU15,GLU15,GLU222,0.0005428634467540977
G102D_vs_E150K,reference,189,GLU23,GLU23,GLU230,0.0005270426300108047
G102D_vs_E150K,reference,190,LYS48,LYS48,LYS255,0.0005175495980118362
G102D_vs_E150K,reference,191,LYS199,LYS199,LYS406,0.0005096230858254228
G102D_vs_E150K,reference,192,GLU191,GLU191,GLU398,0.0005003243432720808
G102D_vs_E150K,reference,193,GLN149,GLN149,GLN356,0.00048098730600223445
G102D_vs_E150K,reference,194,PRO184,PRO184,PRO391,0.0004498935077033834
G102D_vs_E150K,reference,195,LYS202,LYS202,LYS409,0.0004461466362662899
G102D_vs_E150K,reference,196,ILE194,ILE194,ILE401,0.0004396343479482871
G102D_vs_E150K,reference,197,THR141,THR141,THR348,0.0004338966715002469
G102D_vs_E150K,reference,198,LEU190,LEU190,LEU397,0.000428014538028516
G102D_vs_E150K,reference,199,ILE22,ILE22,ILE229,0.0004079128752476764
G102D_vs_E150K,reference,200,LEU187,LEU187,LEU394,0.0004018829145243329
G102D_vs_E150K,reference,201,GLY35,GLY35,GLY242,0.0003846663871774551
G102D_vs_E150K,reference,202,GLU198,GLU198,GLU405,0.00034490844295284595
G102D_vs_E150K,reference,203,LYS29,LYS29,LYS236,0.0003361507917098227
G102D_vs_E150K,reference,204,VAL137,VAL137,VAL344,0.0003220790271965494
G102D_vs_E150K,reference,205,GLY138,GLY138,GLY345,0.0002928851613781814
G102D_vs_E150K,reference,206,VAL145,VAL145,VAL352,0.0002870861029277456
G102D_vs_E150K,reference,207,LEU201,LEU201,LEU408,0.0002497879856644044
G102D_vs_E150K,target,1,GLY138,GLY138,GLY345,0.38947525776828607
G102D_vs_E150K,target,2,GLU107,GLU107,GLU314,0.3135016354890145
G102D_vs_E150K,target,3,ASN18,ASN18,ASN225,0.24204605549162234
G102D_vs_E150K,target,4,ARG94,ARG94,ARG301,0.2242043619366711
G102D_vs_E150K,target,5,PRO161,PRO161,PRO368,0.2101198863909353
G102D_vs_E150K,target,6,THR160,THR160,THR367,0.2046055494651512
G102D_vs_E150K,target,7,LEU190,LEU190,LEU397,0.17685824718044674
G102D_vs_E150K,target,8,ARG104,ARG104,ARG311,0.16985754986680904
G102D_vs_E150K,target,9,GLU19,GLU19,GLU226,0.15493509479246148
G102D_vs_E150K,target,10,PRO105,PRO105,PRO312,0.15227291814999225
G102D_vs_E150K,target,11,GLU159,GLU159,GLU366,0.13814874414315548
G102D_vs_E150K,target,12,THR106,THR106,THR313,0.13150351564305798
G102D_vs_E150K,target,13,THR162,THR162,THR369,0.12670859640033513
G102D_vs_E150K,target,14,SER165,SER165,SER372,0.11378432886156153
G102D_vs_E150K,target,15,TYR110,TYR110,TYR317,0.1123246524870101
G102D_vs_E150K,target,16,MET166,MET166,MET373,0.10474209225962214
G102D_vs_E150K,target,17,VAL20,VAL20,VAL227,0.09722841049228348
G102D_vs_E150K,target,18,THR163,THR163,THR370,0.09203830666159768
G102D_vs_E150K,target,19,LEU113,LEU113,LEU320,0.09173133399020603
G102D_vs_E150K,target,20,HSD151,HSD151,HSD358,0.09021627439583284
G102D_vs_E150K,target,21,LEU120,LEU120,LEU327,0.08804000617384568
G102D_vs_E150K,target,22,PHE125,PHE125,PHE332,0.07986634559639043
G102D_vs_E150K,target,23,PHE177,PHE177,PHE384,0.0793735486381289
G102D_vs_E150K,target,24,TYR132,TYR132,TYR339,0.07827001088865299
G102D_vs_E150K,target,25,ASN129,ASN129,ASN336,0.0755665193728349
G102D_vs_E150K,target,26,GLN116,GLN116,GLN323,0.07023909851057006
G102D_vs_E150K,target,27,ALA130,ALA130,ALA337,0.0663595368040591
G102D_vs_E150K,target,28,ALA154,ALA154,ALA361,0.06579015277862457
G102D_vs_E150K,target,29,LEU117,LEU117,LEU324,0.0623689313942216
G102D_vs_E150K,target,30,GLY102,GLY102,GLY309,0.06113661819927252
G102D_vs_E150K,target,31,LEU52,LEU52,LEU259,0.05997349762234733
G102D_vs_E150K,target,32,ILE174,ILE174,ILE381,0.059142226536789286
G102D_vs_E150K,target,33,VAL45,VAL45,VAL252,0.058759793076838394
G102D_vs_E150K,target,34,ARG171,ARG171,ARG378,0.05280072810895331
G102D_vs_E150K,target,35,GLY143,GLY143,GLY350,0.05168805238391126
G102D_vs_E150K,target,36,GLU147,GLU147,GLU354,0.050755013269624456
G102D_vs_E150K,target,37,THR103,THR103,THR310,0.05040543395233352
G102D_vs_E150K,target,38,LEU41,LEU41,LEU248,0.04831310952075347
G102D_vs_E150K,target,39,PHE140,PHE140,PHE347,0.046429502555836645
G102D_vs_E150K,target,40,SER135,SER135,SER342,0.0463872353548734
G102D_vs_E150K,target,41,ASP148,ASP148,ASP355,0.046128833528891605
G102D_vs_E150K,target,42,ALA182,ALA182,ALA389,0.044657498230114834
G102D_vs_E150K,target,43,GLY181,GLY181,GLY388,0.043415683011092956
G102D_vs_E150K,target,44,HSD139,HSD139,HSD346,0.03678007817961545
G102D_vs_E150K,target,45,SER205,SER205,SER412,0.03446644309057841
G102D_vs_E150K,target,46,LEU16,LEU16,LEU223,0.033081170690901884
G102D_vs_E150K,target,47,LEU146,LEU146,LEU353,0.03107302307592017
G102D_vs_E150K,target,48,LYS46,LYS46,LYS253,0.030187234627819182
G102D_vs_E150K,target,49,GLY189,GLY189,GLY396,0.028768861221077448
G102D_vs_E150K,target,50,LYS202,LYS202,LYS409,0.028766509885414085
G102D_vs_E150K,target,51,LEU55,LEU55,LEU262,0.028348065457523282
G102D_vs_E150K,target,52,GLU204,GLU204,GLU411,0.027866944009059764
G102D_vs_E150K,target,53,ALA50,ALA50,ALA257,0.027426479533463284
G102D_vs_E150K,target,54,ASN47,ASN47,ASN254,0.026066258025926173
G102D_vs_E150K,target,55,LYS98,LYS98,LYS305,0.025558883536789465
G102D_vs_E150K,target,56,ALA97,ALA97,ALA304,0.025293265006440968
G102D_vs_E150K,target,57,ASP53,ASP53,ASP260,0.024094029132295584
G102D_vs_E150K,target,58,PHE186,PHE186,PHE393,0.0237897544174077
G102D_vs_E150K,target,59,TYR42,TYR42,TYR249,0.02333674110820486
G102D_vs_E150K,target,60,PHE86,PHE86,PHE293,0.022316847539849485
G102D_vs_E150K,target,61,VAL99,VAL99,VAL306,0.02226496018335023
G102D_vs_E150K,target,62,LEU90,LEU90,LEU297,0.021443702687628387
G102D_vs_E150K,target,63,ALA185,ALA185,ALA392,0.020573616435272064
G102D_vs_E150K,target,64,GLU37,GLU37,GLU244,0.0205316252931685
G102D_vs_E150K,target,65,GLY196,GLY196,GLY403,0.019991280800860843
G102D_vs_E150K,target,66,ALA89,ALA89,ALA296,0.019629734054114133
G102D_vs_E150K,target,67,GLY96,GLY96,GLY303,0.019494498971018476
G102D_vs_E150K,target,68,LEU192,LEU192,LEU399,0.01922124567061477
G102D_vs_E150K,target,69,VAL36,VAL36,VAL243,0.019198246674075815
G102D_vs_E150K,target,70,GLU73,GLU73,GLU280,0.019042615271458445
G102D_vs_E150K,target,71,ASP95,ASP95,ASP302,0.019001548420275575
G102D_vs_E150K,target,72,ASN82,ASN82,ASN289,0.018592304675282337
G102D_vs_E150K,target,73,ILE10,ILE10,ILE217,0.016707227052319442
G102D_vs_E150K,target,74,GLN38,GLN38,GLN245,0.016581335988191545
G102D_vs_E150K,target,75,ILE193,ILE193,ILE400,0.01611514630033209
G102D_vs_E150K,target,76,PHE78,PHE78,PHE285,0.015496814050694885
G102D_vs_E150K,target,77,THR65,THR65,THR272,0.015117300797668636
G102D_vs_E150K,target,78,ASP178,ASP178,ASP385,0.013961144206229532
G102D_vs_E150K,target,79,ALA83,ALA83,ALA290,0.013473673429463318
G102D_vs_E150K,target,80,LEU79,LEU79,LEU286,0.013122074335148556
G102D_vs_E150K,target,81,ALA13,ALA13,ALA220,0.012419263034205368
G102D_vs_E150K,target,82,ALA54,ALA54,ALA261,0.01214252944995145
G102D_vs_E150K,target,83,HSD64,HSD64,HSD271,0.011872002994387933
G102D_vs_E150K,target,84,HSD63,HSD63,HSD270,0.011857431499190978
G102D_vs_E150K,target,85,GLY24,GLY24,GLY231,0.011450696151956772
G102D_vs_E150K,target,86,VAL9,VAL9,VAL216,0.011387012437958158
G102D_vs_E150K,target,87,LEU14,LEU14,LEU221,0.0110646260523655
G102D_vs_E150K,target,88,MET59,MET59,MET266,0.010931785926600185
G102D_vs_E150K,target,89,GLU71,GLU71,GLU278,0.010679332752388325
G102D_vs_E150K,target,90,TRP75,TRP75,TRP282,0.010563406403672055
G102D_vs_E150K,target,91,ARG49,ARG49,ARG256,0.010477869856690726
G102D_vs_E150K,target,92,LEU197,LEU197,LEU404,0.009971767085518234
G102D_vs_E150K,target,93,SER207,SER207,SER414,0.00920245854892616
G102D_vs_E150K,target,94,LEU25,LEU25,LEU232,0.009151155876732774
G102D_vs_E150K,target,95,GLN172,GLN172,GLN379,0.009115312350059935
G102D_vs_E150K,target,96,PRO167,PRO167,PRO374,0.008820405389702479
G102D_vs_E150K,target,97,GLY206,GLY206,GLY413,0.008804804468880625
G102D_vs_E150K,target,98,GLY72,GLY72,GLY279,0.008794332415167121
G102D_vs_E150K,target,99,GLU58,GLU58,GLU265,0.008765307540456624
G102D_vs_E150K,target,100,ASP5,ASP5,ASP212,0.008415359802161564
G102D_vs_E150K,target,101,GLU15,GLU15,GLU222,0.008303601103821027
G102D_vs_E150K,target,102,CYS203,CYS203,CYS410,0.007926814034346478
G102D_vs_E150K,target,103,LEU60,LEU60,LEU267,0.007857538651311547
G102D_vs_E150K,target,104,ASP61,ASP61,ASP268,0.007767380300242215
G102D_vs_E150K,target,105,LEU34,LEU34,LEU241,0.007736280290600771
G102D_vs_E150K,target,106,GLN200,GLN200,GLN407,0.007710784247563606
G102D_vs_E150K,target,107,SER7,SER7,SER214,0.007602211831200801
G102D_vs_E150K,target,108,GLY21,GLY21,GLY228,0.007591711666076913
G102D_vs_E150K,target,109,SER74,SER74,SER281,0.007215909406816814
G102D_vs_E150K,target,110,PHE67,PHE67,PHE274,0.006980523372385498
G102D_vs_E150K,target,111,GLU175,GLU175,GLU382,0.006503231092841212
G102D_vs_E150K,target,112,ALA56,ALA56,ALA263,0.0062729470359552
G102D_vs_E150K,target,113,ALA118,ALA118,ALA325,0.005902485150020377
G102D_vs_E150K,target,114,THR112,THR112,THR319,0.005731115446950615
G102D_vs_E150K,target,115,LYS155,LYS155,LYS362,0.005645104295601167
G102D_vs_E150K,target,116,HSD66,HSD66,HSD273,0.005511248372263878
G102D_vs_E150K,target,117,CYS68,CYS68,CYS275,0.005502485224504811
G102D_vs_E150K,target,118,ASN115,ASN115,ASN322,0.005484217009310039
G102D_vs_E150K,target,119,ARG3,ARG3,ARG210,0.005350537766383846
G102D_vs_E150K,target,120,LEU70,LEU70,LEU277,0.0052844438333212885
G102D_vs_E150K,target,121,THR26,THR26,THR233,0.0050024149913717505
G102D_vs_E150K,target,122,LEU4,LEU4,LEU211,0.004958630084096496
G102D_vs_E150K,target,123,LYS108,LYS108,LYS315,0.004811479572673613
G102D_vs_E150K,target,124,LEU170,LEU170,LEU377,0.004614653989273495
G102D_vs_E150K,target,125,CYS121,CYS121,CYS328,0.004538708623164817
G102D_vs_E150K,target,126,LEU176,LEU176,LEU383,0.0045286062761053895
G102D_vs_E150K,target,127,HSD93,HSD93,HSD300,0.004320228982198653
G102D_vs_E150K,target,128,LEU142,LEU142,LEU349,0.0035439272649551434
G102D_vs_E150K,target,129,ILE57,ILE57,ILE264,0.0034761200428914864
G102D_vs_E150K,target,130,ARG28,ARG28,ARG235,0.0034183552409285042
G102D_vs_E150K,target,131,PRO69,PRO69,PRO276,0.003383543217929127
G102D_vs_E150K,target,132,PHE119,PHE119,PHE326,0.0033471082816420323
G102D_vs_E150K,target,133,GLN76,GLN76,GLN283,0.0033242737800156636
G102D_vs_E150K,target,134,SER2,SER2,SER209,0.003045863231397981
G102D_vs_E150K,target,135,GLU157,GLU157,GLU364,0.002972589504748527
G102D_vs_E150K,target,136,ARG87,ARG87,ARG294,0.0029470363349685166
G102D_vs_E150K,target,137,GLU111,GLU111,GLU318,0.002890764243615406
G102D_vs_E150K,target,138,SER85,SER85,SER292,0.0028415093247996888
G102D_vs_E150K,target,139,PRO39,PRO39,PRO246,0.0028348927335538586
G102D_vs_E150K,target,140,GLN152,GLN152,GLN359,0.0027253858590512076
G102D_vs_E150K,target,141,GLU156,GLU156,GLU363,0.002676036974793683
G102D_vs_E150K,target,142,ALA31,ALA31,ALA238,0.0026187713563135566
G102D_vs_E150K,target,143,HSD44,HSD44,HSD251,0.0025583481727239803
G102D_vs_E150K,target,144,SER126,SER126,SER333,0.0024591600045615705
G102D_vs_E150K,target,145,LEU30,LEU30,LEU237,0.0024258342928966366
G102D_vs_E150K,target,146,GLN149,GLN149,GLN356,0.0024070244014138932
G102D_vs_E150K,target,147,LYS6,LYS6,LYS213,0.00240083789282929
G102D_vs_E150K,target,148,GLN195,GLN195,GLN402,0.002313076339178808
G102D_vs_E150K,target,149,LYS150,LYS150,LYS357,0.002259651790553423
G102D_vs_E150K,target,150,LEU131,LEU131,LEU338,0.0019961225943596695
G102D_vs_E150K,target,151,ASP164,ASP164,ASP371,0.0018411532723224366
G102D_vs_E150K,target,152,ARG80,ARG80,ARG287,0.0017388765214018623
G102D_vs_E150K,target,153,LEU17,LEU17,LEU224,0.0017159610516561089
G102D_vs_E150K,target,154,GLU183,GLU183,GLU390,0.0017153844548456953
G102D_vs_E150K,target,155,GLY124,GLY124,GLY331,0.0016992721330125766
G102D_vs_E150K,target,156,ALA136,ALA136,ALA343,0.0016171658092553835
G102D_vs_E150K,target,157,MET1,MET1,MET208,0.0015399575213693982
G102D_vs_E150K,target,158,CYS144,CYS144,CYS351,0.0014912204989870836
G102D_vs_E150K,target,159,LYS84,LYS84,LYS291,0.001428408513024614
G102D_vs_E150K,target,160,SER92,SER92,SER299,0.0014035291722053903
G102D_vs_E150K,target,161,LEU91,LEU91,LEU298,0.0013535101436960917
G102D_vs_E150K,target,162,ARG158,ARG158,ARG365,0.001338465801838917
G102D_vs_E150K,target,163,LEU134,LEU134,LEU341,0.0012845783427437064
G102D_vs_E150K,target,164,TRP43,TRP43,TRP250,0.0012578765060351472
G102D_vs_E150K,target,165,GLU128,GLU128,GLU335,0.0012090889732463339
G102D_vs_E150K,target,166,ALA173,ALA173,ALA380,0.0012003045874203469
G102D_vs_E150K,target,167,PRO168,PRO168,PRO375,0.0011873335194956655
G102D_vs_E150K,target,168,ALA133,ALA133,ALA340,0.001127199168193088
G102D_vs_E150K,target,169,GLU114,GLU114,GLU321,0.001119729433788956
G102D_vs_E150K,target,170,GLN180,GLN180,GLN387,0.0010192685811393962
G102D_vs_E150K,target,171,GLN109,GLN109,GLN316,0.0010184702336430633
G102D_vs_E150K,target,172,LEU169,LEU169,LEU376,0.0009984530743127912
G102D_vs_E150K,target,173,GLN122,GLN122,GLN329,0.0009778229828810647
G102D_vs_E150K,target,174,PHE188,PHE188,PHE395,0.0009152542376562705
G102D_vs_E150K,target,175,LYS199,LYS199,LYS406,0.0009103424248170203
G102D_vs_E150K,target,176,THR27,THR27,THR234,0.0008853131866387451
G102D_vs_E150K,target,177,HSD179,HSD179,HSD386,0.0008832266145320786
G102D_vs_E150K,target,178,VAL153,VAL153,VAL360,0.000875022678241354
G102D_vs_E150K,target,179,SER12,SER12,SER219,0.0008738215513805364
G102D_vs_E150K,target,180,ASN81,ASN81,ASN288,0.0008687916324403273
G102D_vs_E150K,target,181,GLN32,GLN32,GLN239,0.0008185548280561414
G102D_vs_E150K,target,182,THR40,THR40,THR247,0.0008171455176406316
G102D_vs_E150K,target,183,LEU51,LEU51,LEU258,0.0008154751319945013
G102D_vs_E150K,target,184,CYS88,CYS88,CYS295,0.0007942590197483406
G102D_vs_E150K,target,185,GLN123,GLN123,GLN330,0.0007832490572739837
G102D_vs_E150K,target,186,ASP77,ASP77,ASP284,0.0007523978508316696
G102D_vs_E150K,target,187,GLU23,GLU23,GLU230,0.0007183137070327062
G102D_vs_E150K,target,188,LYS33,LYS33,LYS240,0.0006928455234058116
G102D_vs_E150K,target,189,LEU127,LEU127,LEU334,0.000664146984179409
G102D_vs_E150K,target,190,ILE22,ILE22,ILE229,0.0006515081301938882
G102D_vs_E150K,target,191,LYS48,LYS48,LYS255,0.0006358050338286646
G102D_vs_E150K,target,192,ILE194,ILE194,ILE401,0.0006321359808968639
G102D_vs_E150K,target,193,LEU101,LEU101,LEU308,0.0006208421602163995
G102D_vs_E150K,target,194,GLU191,GLU191,GLU398,0.0006125203452453756
G102D_vs_E150K,target,195,PRO184,PRO184,PRO391,0.0006014063414908879
G102D_vs_E150K,target,196,LEU187,LEU187,LEU394,0.000584674452491556
G102D_vs_E150K,target,197,HSD100,HSD100,HSD307,0.0005788584069150712
G102D_vs_E150K,target,198,THR141,THR141,THR348,0.0005764671770358117
G102D_vs_E150K,target,199,LYS8,LYS8,LYS215,0.0005196696465727725
G102D_vs_E150K,target,200,ASN11,ASN11,ASN218,0.0005181439026823225
G102D_vs_E150K,target,201,GLY35,GLY35,GLY242,0.00048716850860182885
G102D_vs_E150K,target,202,ARG62,ARG62,ARG269,0.0004783604162744899
G102D_vs_E150K,target,203,LYS29,LYS29,LYS236,0.00045190892187525235
G102D_vs_E150K,target,204,LEU201,LEU201,LEU408,0.00044594307154733573
G102D_vs_E150K,target,205,VAL145,VAL145,VAL352,0.00043828736032298205
G102D_vs_E150K,target,206,GLU198,GLU198,GLU405,0.00041660535767008475
G102D_vs_E150K,target,207,VAL137,VAL137,VAL344,0.0004069389826574497
