pair,segment,role,rank,edge,normalized_edge,contribution
WT_vs_G102D,chain1,reference,1,GLU156-GLU157,GLU156-GLU157,0.5541931769014239
WT_vs_G102D,chain1,reference,2,GLU157-ARG158,GLU157-ARG158,0.5461897697082583
WT_vs_G102D,chain1,reference,3,GLN152-VAL153,GLN152-VAL153,0.5372598638230471
WT_vs_G102D,chain1,target,1,THR103-ARG104,THR103-ARG104,0.5014060988635695
WT_vs_G102D,chain1,target,2,LEU117-LEU120,LEU117-LEU120,0.45580251231568386
WT_vs_G102D,chain1,target,3,LEU101-ASP102,LEU101-ASP102,0.4513382673781209
WT_vs_G102D,chain2,reference,1,GLU364-ARG365,GLU157-ARG158,0.510291830027173
WT_vs_G102D,chain2,reference,2,ALA304-LEU353,ALA97-LEU146,0.4461923020781232
WT_vs_G102D,chain2,reference,3,GLN359-VAL360,GLN152-VAL153,0.37830634470687724
WT_vs_G102D,chain2,target,1,ASN336-TYR339,ASN129-TYR132,0.5409530421511921
WT_vs_G102D,chain2,target,2,GLN323-LEU324,GLN116-LEU117,0.39033379347883856
WT_vs_G102D,chain2,target,3,THR313-GLN316,THR106-GLN109,0.37697868616611935
WT_vs_E150K,chain1,reference,1,GLN152-VAL153,GLN152-VAL153,0.7075784937767079
WT_vs_E150K,chain1,reference,2,ARG158-GLU159,ARG158-GLU159,0.6806533002434408
WT_vs_E150K,chain1,reference,3,GLU157-ARG158,GLU157-ARG158,0.5893411992029611
WT_vs_E150K,chain1,target,1,THR103-ARG104,THR103-ARG104,0.6139308002300786
WT_vs_E150K,chain1,target,2,LEU117-LEU120,LEU117-LEU120,0.6026309028587807
WT_vs_E150K,chain1,target,3,ARG104-PRO105,ARG104-PRO105,0.4745381008820354
WT_vs_E150K,chain2,reference,1,GLN359-VAL360,GLN152-VAL153,0.6676314801616691
WT_vs_E150K,chain2,reference,2,HSD358-GLN359,HSD151-GLN152,0.5999153581843423
WT_vs_E150K,chain2,reference,3,GLU364-ARG365,GLU157-ARG158,0.5843649907589893
WT_vs_E150K,chain2,target,1,LEU320-GLN323,LEU113-GLN116,0.5841290086810024
WT_vs_E150K,chain2,target,2,ASN336-TYR339,ASN129-TYR132,0.5622923539569133
WT_vs_E150K,chain2,target,3,THR310-ARG311,THR103-ARG104,0.5274079728237019
G102D_vs_E150K,chain1,reference,1,THR160-PRO161,THR160-PRO161,0.2526699239284314
G102D_vs_E150K,chain1,reference,2,HSD100-LEU101,HSD100-LEU101,0.16050691754391738
G102D_vs_E150K,chain1,reference,3,PRO161-THR162,PRO161-THR162,0.11691932813675947
G102D_vs_E150K,chain1,target,1,GLY138-HSD139,GLY138-HSD139,0.14849193560233281
G102D_vs_E150K,chain1,target,2,ASN18-GLU19,ASN18-GLU19,0.09105865196729716
G102D_vs_E150K,chain1,target,3,GLU19-VAL20,GLU19-VAL20,0.09099672611467671
G102D_vs_E150K,chain2,reference,1,GLU364-ARG365,GLU157-ARG158,0.17859052973970077
G102D_vs_E150K,chain2,reference,2,ALA361-GLU364,ALA154-GLU157,0.17364893254355437
G102D_vs_E150K,chain2,reference,3,HSD307-LEU308,HSD100-LEU101,0.15005748105060857
G102D_vs_E150K,chain2,target,1,ASN225-ARG301,ASN18-ARG94,0.12897711049126892
G102D_vs_E150K,chain2,target,2,ALA361-GLU366,ALA154-GLU159,0.11744879510231228
G102D_vs_E150K,chain2,target,3,GLY345-HSD346,GLY138-HSD139,0.1136212448784574
