i	j	score	corr	segment	selector_i	selector_j
97	146	1.000000	0.992500	1	resi 97	resi 146
146	147	0.890102	0.997000	1	resi 146	resi 147
147	148	0.870000	0.994500	1	resi 147	resi 148
151	152	0.862857	0.995500	1	resi 151	resi 152
148	151	0.860816	0.997000	1	resi 148	resi 151
152	153	0.853061	0.996500	1	resi 152	resi 153
153	154	0.843061	0.996500	1	resi 153	resi 154
154	155	0.832857	0.995000	1	resi 154	resi 155
155	156	0.822449	0.997000	1	resi 155	resi 156
156	157	0.811837	0.997000	1	resi 156	resi 157
157	158	0.801020	0.997000	1	resi 157	resi 158
158	159	0.790000	0.997500	1	resi 158	resi 159
159	160	0.778776	0.998000	1	resi 159	resi 160
160	161	0.767347	0.997500	1	resi 160	resi 161
161	162	0.755714	0.997000	1	resi 161	resi 162
162	163	0.743878	0.998500	1	resi 162	resi 163
163	165	0.715204	0.997000	1	resi 163	resi 165
165	166	0.707143	0.999000	1	resi 165	resi 166
166	171	0.609796	0.997500	1	resi 166	resi 171
95	96	0.571122	0.996000	1	resi 95	resi 96
94	95	0.558061	0.990500	1	resi 94	resi 95
18	94	0.546633	0.988000	1	resi 18	resi 94
97	98	0.534388	0.997500	1	resi 97	resi 98
98	99	0.522347	0.995500	1	resi 98	resi 99
171	174	0.503571	0.999000	1	resi 171	resi 174
174	177	0.495000	0.998500	1	resi 174	resi 177
96	97	0.491327	0.995500	1	resi 96	resi 97
143	146	0.484286	0.993500	1	resi 143	resi 146
177	181	0.479796	0.997000	1	resi 177	resi 181
181	182	0.443265	0.993500	1	resi 181	resi 182
142	143	0.431224	0.998000	1	resi 142	resi 143
182	185	0.427143	0.994500	1	resi 182	resi 185
139	142	0.417041	0.992500	1	resi 139	resi 142
136	139	0.391429	0.995500	1	resi 136	resi 139
90	97	0.382449	0.992500	1	resi 90	resi 97
185	186	0.377551	0.997000	1	resi 185	resi 186
135	136	0.365000	0.994500	1	resi 135	resi 136
186	189	0.360612	0.993500	1	resi 186	resi 189
189	190	0.346939	0.997500	1	resi 189	resi 190
132	135	0.332041	0.996500	1	resi 132	resi 135
87	90	0.317245	0.993500	1	resi 87	resi 90
190	192	0.310204	0.998000	1	resi 190	resi 192
99	100	0.302449	0.995500	1	resi 99	resi 100
192	193	0.254694	0.994500	1	resi 192	resi 193
129	132	0.253367	0.995500	1	resi 129	resi 132
16	18	0.252551	0.985000	1	resi 16	resi 18
18	19	0.250102	0.997000	1	resi 18	resi 19
86	87	0.245714	0.989000	1	resi 86	resi 87
129	130	0.237551	0.999000	1	resi 129	resi 130
14	16	0.237143	0.991500	1	resi 14	resi 16
193	196	0.236327	0.997000	1	resi 193	resi 196
19	20	0.233571	0.992500	1	resi 19	resi 20
21	24	0.225816	0.994000	1	resi 21	resi 24
125	130	0.223776	0.995500	1	resi 125	resi 130
46	47	0.219898	0.991500	1	resi 46	resi 47
20	21	0.219082	0.994500	1	resi 20	resi 21
13	14	0.217653	0.991000	1	resi 13	resi 14
52	99	0.209286	0.981500	1	resi 52	resi 99
45	46	0.203776	0.994500	1	resi 45	resi 46
49	52	0.199388	0.993500	1	resi 49	resi 52
10	13	0.198878	0.977000	1	resi 10	resi 13
100	101	0.195000	0.998000	1	resi 100	resi 101
24	25	0.190918	0.994500	1	resi 24	resi 25
82	86	0.189388	0.987500	1	resi 82	resi 86
103	104	0.188776	0.991000	1	resi 103	resi 104
101	102	0.181939	0.993000	1	resi 101	resi 102
9	10	0.180102	0.992000	1	resi 9	resi 10
196	197	0.180000	0.995500	1	resi 196	resi 197
25	26	0.178878	0.994000	1	resi 25	resi 26
104	105	0.173878	0.994500	1	resi 104	resi 105
79	82	0.173776	0.995000	1	resi 79	resi 82
102	103	0.170714	0.996000	1	resi 102	resi 103
47	49	0.169796	0.991000	1	resi 47	resi 49
197	200	0.160816	0.996000	1	resi 197	resi 200
105	106	0.158980	0.992500	1	resi 105	resi 106
42	45	0.153980	0.996000	1	resi 42	resi 45
78	79	0.135612	0.992500	1	resi 78	resi 79
53	103	0.130102	0.992500	1	resi 53	resi 103
89	90	0.129286	0.994500	1	resi 89	resi 90
26	28	0.126939	0.992000	1	resi 26	resi 28
63	89	0.124286	0.974000	1	resi 63	resi 89
7	9	0.120612	0.975500	1	resi 7	resi 9
75	78	0.117143	0.992500	1	resi 75	resi 78
41	42	0.110816	0.993000	1	resi 41	resi 42
106	109	0.109898	0.992000	1	resi 106	resi 109
38	41	0.105000	0.993500	1	resi 38	resi 41
171	172	0.104898	0.999000	1	resi 171	resi 172
121	125	0.104184	0.992000	1	resi 121	resi 125
5	7	0.102551	0.975000	1	resi 5	resi 7
56	100	0.102143	0.990000	1	resi 56	resi 100
200	203	0.102041	0.994000	1	resi 200	resi 203
64	65	0.099592	0.980000	1	resi 64	resi 65
74	75	0.097857	0.990500	1	resi 74	resi 75
90	96	0.092857	0.994500	1	resi 90	resi 96
37	38	0.091531	0.991000	1	resi 37	resi 38
172	175	0.090918	0.998000	1	resi 172	resi 175
63	64	0.090102	0.981500	1	resi 63	resi 64
118	121	0.087143	0.994500	1	resi 118	resi 121
166	167	0.084694	0.999000	1	resi 166	resi 167
120	125	0.084388	0.997000	1	resi 120	resi 125
115	118	0.084286	0.996000	1	resi 115	resi 118
4	5	0.082857	0.995000	1	resi 4	resi 5
203	204	0.082857	0.993500	1	resi 203	resi 204
73	74	0.082245	0.983500	1	resi 73	resi 74
36	37	0.082143	0.993000	1	resi 36	resi 37
50	53	0.080714	0.993500	1	resi 50	resi 53
65	66	0.080204	0.977000	1	resi 65	resi 66
131	132	0.069286	0.995000	1	resi 131	resi 132
109	112	0.068367	0.991500	1	resi 109	resi 112
28	31	0.064490	0.988000	1	resi 28	resi 31
47	50	0.064388	0.996000	1	resi 47	resi 50
72	73	0.062857	0.979500	1	resi 72	resi 73
3	4	0.062449	0.989000	1	resi 3	resi 4
204	205	0.062449	0.994500	1	resi 204	resi 205
175	178	0.061531	0.999000	1	resi 175	resi 178
66	67	0.060816	0.983500	1	resi 66	resi 67
93	94	0.057959	0.997000	1	resi 93	resi 94
117	120	0.052857	0.992500	1	resi 117	resi 120
128	131	0.051327	0.997500	1	resi 128	resi 131
167	170	0.051122	0.999000	1	resi 167	resi 170
83	86	0.050510	0.995000	1	resi 83	resi 86
112	115	0.050102	0.993500	1	resi 112	resi 115
28	30	0.048980	0.994500	1	resi 28	resi 30
55	58	0.044898	0.987500	1	resi 55	resi 58
55	56	0.044490	0.994000	1	resi 55	resi 56
71	72	0.043469	0.984000	1	resi 71	resi 72
67	68	0.042245	0.983500	1	resi 67	resi 68
2	3	0.041837	0.994500	1	resi 2	resi 3
205	206	0.041837	0.994500	1	resi 205	resi 206
116	117	0.041224	0.997000	1	resi 116	resi 117
53	54	0.040714	0.993500	1	resi 53	resi 54
196	199	0.040000	0.995500	1	resi 196	resi 199
17	21	0.039694	0.995000	1	resi 17	resi 21
31	36	0.039694	0.978000	1	resi 31	resi 36
12	14	0.039388	0.981000	1	resi 12	resi 14
192	195	0.039184	0.994500	1	resi 192	resi 195
14	17	0.037143	0.988000	1	resi 14	resi 17
181	183	0.036939	0.993000	1	resi 181	resi 183
56	59	0.036837	0.980500	1	resi 56	resi 59
106	107	0.034796	0.989500	1	resi 106	resi 107
140	143	0.034796	0.995500	1	resi 140	resi 143
39	42	0.033980	0.995000	1	resi 39	resi 42
44	45	0.033878	0.988500	1	resi 44	resi 45
124	125	0.033673	0.996500	1	resi 124	resi 125
84	87	0.033571	0.993000	1	resi 84	resi 87
30	32	0.032755	0.988000	1	resi 30	resi 32
80	83	0.031531	0.992000	1	resi 80	resi 83
58	61	0.031224	0.987000	1	resi 58	resi 61
113	116	0.030306	0.992500	1	resi 113	resi 116
147	150	0.030000	0.995500	1	resi 147	resi 150
109	110	0.028367	0.994500	1	resi 109	resi 110
91	93	0.025408	0.991500	1	resi 91	resi 93
70	71	0.025102	0.986500	1	resi 70	resi 71
68	69	0.024490	0.991000	1	resi 68	resi 69
114	115	0.024490	0.996000	1	resi 114	resi 115
54	57	0.024286	0.990000	1	resi 54	resi 57
88	91	0.024286	0.993000	1	resi 88	resi 91
77	80	0.022041	0.989000	1	resi 77	resi 80
11	12	0.021122	0.994500	1	resi 11	resi 12
1	2	0.021020	0.992500	1	resi 1	resi 2
194	195	0.021020	0.999000	1	resi 194	resi 195
198	199	0.021020	0.999000	1	resi 198	resi 199
206	207	0.021020	0.994000	1	resi 206	resi 207
175	176	0.020816	0.999000	1	resi 175	resi 176
123	124	0.020408	0.997500	1	resi 123	resi 124
200	201	0.020408	0.996500	1	resi 200	resi 201
200	202	0.020408	0.995500	1	resi 200	resi 202
52	55	0.020306	0.992500	1	resi 52	resi 55
170	173	0.020306	0.998000	1	resi 170	resi 173
6	9	0.020102	0.963000	1	resi 6	resi 9
8	9	0.020000	0.980500	1	resi 8	resi 9
31	34	0.019898	0.980000	1	resi 31	resi 34
76	79	0.019898	0.994000	1	resi 76	resi 79
87	88	0.019592	0.991000	1	resi 87	resi 88
190	191	0.019184	0.998000	1	resi 190	resi 191
185	188	0.018878	0.995000	1	resi 185	resi 188
23	24	0.018776	0.996000	1	resi 23	resi 24
126	128	0.018776	0.995500	1	resi 126	resi 128
185	187	0.018776	0.995000	1	resi 185	resi 187
183	184	0.018673	0.998500	1	resi 183	resi 184
26	27	0.018367	0.992000	1	resi 26	resi 27
134	135	0.018061	0.997500	1	resi 134	resi 135
178	179	0.018061	0.996000	1	resi 178	resi 179
169	170	0.017959	0.999000	1	resi 169	resi 170
59	60	0.017857	0.991500	1	resi 59	resi 60
92	93	0.017857	0.994500	1	resi 92	resi 93
133	136	0.017857	0.992500	1	resi 133	resi 136
138	139	0.017857	0.998000	1	resi 138	resi 139
178	180	0.017755	0.996000	1	resi 178	resi 180
137	140	0.017653	0.992000	1	resi 137	resi 140
107	108	0.017449	0.995000	1	resi 107	resi 108
26	29	0.017245	0.987500	1	resi 26	resi 29
15	18	0.017143	0.984500	1	resi 15	resi 18
43	44	0.017143	0.998000	1	resi 43	resi 44
167	168	0.017041	0.998000	1	resi 167	resi 168
39	40	0.016939	0.994500	1	resi 39	resi 40
21	22	0.016837	0.990000	1	resi 21	resi 22
127	128	0.016837	0.996000	1	resi 127	resi 128
17	18	0.016633	0.986000	1	resi 17	resi 18
163	164	0.016633	0.998500	1	resi 163	resi 164
32	33	0.016531	0.995500	1	resi 32	resi 33
85	88	0.016327	0.984500	1	resi 85	resi 88
119	120	0.016122	0.993000	1	resi 119	resi 120
57	60	0.015918	0.979000	1	resi 57	resi 60
62	63	0.015918	0.983500	1	resi 62	resi 63
121	122	0.015918	0.995000	1	resi 121	resi 122
48	49	0.015816	0.996500	1	resi 48	resi 49
60	64	0.015306	0.970000	1	resi 60	resi 64
149	150	0.015204	0.998500	1	resi 149	resi 150
85	87	0.015102	0.988500	1	resi 85	resi 87
56	57	0.015000	0.988500	1	resi 56	resi 57
34	36	0.014898	0.983000	1	resi 34	resi 36
35	36	0.014694	0.984000	1	resi 35	resi 36
81	84	0.014592	0.985500	1	resi 81	resi 84
51	52	0.014388	0.992000	1	resi 51	resi 52
90	91	0.014082	0.986500	1	resi 90	resi 91
81	85	0.013469	0.989500	1	resi 81	resi 85
112	113	0.012857	0.994000	1	resi 112	resi 113
61	64	0.012755	0.971000	1	resi 61	resi 64
144	147	0.012449	0.996000	1	resi 144	resi 147
86	89	0.011939	0.987500	1	resi 86	resi 89
110	111	0.011531	0.993000	1	resi 110	resi 111
80	81	0.011327	0.995500	1	resi 80	resi 81
145	146	0.011327	0.997500	1	resi 145	resi 146
144	146	0.011224	0.996000	1	resi 144	resi 146
53	56	0.011122	0.987000	1	resi 53	resi 56
141	143	0.011020	0.996500	1	resi 141	resi 143
178	181	0.011020	0.998000	1	resi 178	resi 181
125	126	0.010714	0.997000	1	resi 125	resi 126
111	114	0.010000	0.991500	1	resi 111	resi 114
118	119	0.008163	0.993500	1	resi 118	resi 119
168	171	0.008061	0.999000	1	resi 168	resi 171
110	113	0.007653	0.989000	1	resi 110	resi 113
121	124	0.007449	0.994500	1	resi 121	resi 124
69	70	0.007143	0.984000	1	resi 69	resi 70
30	31	0.006939	0.993000	1	resi 30	resi 31
143	144	0.006633	0.994000	1	resi 143	resi 144
139	140	0.006531	0.994000	1	resi 139	resi 140
141	144	0.006429	0.991500	1	resi 141	resi 144
34	35	0.006327	0.996000	1	resi 34	resi 35
173	174	0.006327	0.999000	1	resi 173	resi 174
145	147	0.006224	0.997000	1	resi 145	resi 147
180	181	0.005918	0.997000	1	resi 180	resi 181
149	151	0.005816	0.996500	1	resi 149	resi 151
150	151	0.005816	0.995500	1	resi 150	resi 151
51	53	0.005612	0.992500	1	resi 51	resi 53
57	58	0.005204	0.989000	1	resi 57	resi 58
60	89	0.005102	0.957500	1	resi 60	resi 89
112	114	0.005102	0.992500	1	resi 112	resi 114
119	122	0.004898	0.996500	1	resi 119	resi 122
16	17	0.004796	0.994500	1	resi 16	resi 17
32	34	0.004796	0.985000	1	resi 32	resi 34
22	25	0.004490	0.993000	1	resi 22	resi 25
33	34	0.004490	0.984500	1	resi 33	resi 34
168	169	0.004490	0.999000	1	resi 168	resi 169
52	53	0.004388	0.992000	1	resi 52	resi 53
164	165	0.004388	0.997000	1	resi 164	resi 165
126	127	0.004184	0.998000	1	resi 126	resi 127
42	43	0.003878	0.989000	1	resi 42	resi 43
39	41	0.003776	0.996000	1	resi 39	resi 41
59	62	0.003776	0.972000	1	resi 59	resi 62
37	40	0.003673	0.979500	1	resi 37	resi 40
41	44	0.003673	0.983500	1	resi 41	resi 44
167	171	0.003673	0.997500	1	resi 167	resi 171
188	189	0.003673	0.994000	1	resi 188	resi 189
107	110	0.003469	0.992000	1	resi 107	resi 110
140	141	0.003469	0.998000	1	resi 140	resi 141
144	145	0.003469	0.998000	1	resi 144	resi 145
29	30	0.003163	0.994500	1	resi 29	resi 30
136	137	0.003163	0.997000	1	resi 136	resi 137
136	138	0.003163	0.997000	1	resi 136	resi 138
120	121	0.003061	0.994000	1	resi 120	resi 121
48	51	0.002959	0.994500	1	resi 48	resi 51
74	77	0.002959	0.978500	1	resi 74	resi 77
132	133	0.002959	0.997000	1	resi 132	resi 133
132	134	0.002959	0.997000	1	resi 132	resi 134
49	50	0.002857	0.992500	1	resi 49	resi 50
108	110	0.002857	0.989500	1	resi 108	resi 110
179	180	0.002857	0.998000	1	resi 179	resi 180
27	28	0.002653	0.995500	1	resi 27	resi 28
87	89	0.002653	0.991000	1	resi 87	resi 89
15	16	0.002449	0.992500	1	resi 15	resi 16
22	23	0.002449	0.999000	1	resi 22	resi 23
194	196	0.002449	0.997000	1	resi 194	resi 196
82	83	0.002347	0.992000	1	resi 82	resi 83
130	131	0.002347	0.998000	1	resi 130	resi 131
183	185	0.002347	0.993500	1	resi 183	resi 185
47	48	0.002245	0.991500	1	resi 47	resi 48
50	51	0.002245	0.993000	1	resi 50	resi 51
184	185	0.002245	0.994000	1	resi 184	resi 185
7	8	0.002143	0.986500	1	resi 7	resi 8
91	92	0.002143	0.993500	1	resi 91	resi 92
89	91	0.002041	0.983000	1	resi 89	resi 91
187	188	0.002041	0.999000	1	resi 187	resi 188
51	54	0.001837	0.993500	1	resi 51	resi 54
8	11	0.001735	0.962000	1	resi 8	resi 11
17	22	0.001735	0.986000	1	resi 17	resi 22
17	20	0.001633	0.992000	1	resi 17	resi 20
60	61	0.001633	0.982500	1	resi 60	resi 61
191	192	0.001633	0.997000	1	resi 191	resi 192
199	200	0.001633	0.995000	1	resi 199	resi 200
83	84	0.001224	0.987000	1	resi 83	resi 84
88	89	0.001224	0.989500	1	resi 88	resi 89
110	112	0.001224	0.990000	1	resi 110	resi 112
116	119	0.001224	0.993000	1	resi 116	resi 119
14	15	0.001122	0.986000	1	resi 14	resi 15
61	62	0.001122	0.972500	1	resi 61	resi 62
89	92	0.001020	0.978000	1	resi 89	resi 92
62	64	0.000816	0.977000	1	resi 62	resi 64
74	76	0.000816	0.980500	1	resi 74	resi 76
108	109	0.000714	0.988500	1	resi 108	resi 109
114	117	0.000612	0.989000	1	resi 114	resi 117
5	6	0.000510	0.984500	1	resi 5	resi 6
76	77	0.000510	0.993000	1	resi 76	resi 77
120	123	0.000510	0.995000	1	resi 120	resi 123
172	173	0.000510	0.998000	1	resi 172	resi 173
201	203	0.000510	0.995500	1	resi 201	resi 203
202	203	0.000510	0.996000	1	resi 202	resi 203
6	7	0.000408	0.984000	1	resi 6	resi 7
10	11	0.000408	0.976500	1	resi 10	resi 11
29	32	0.000408	0.986000	1	resi 29	resi 32
58	60	0.000408	0.982000	1	resi 58	resi 60
78	81	0.000408	0.978500	1	resi 78	resi 81
113	114	0.000408	0.992500	1	resi 113	resi 114
117	118	0.000408	0.992500	1	resi 117	resi 118
119	121	0.000408	0.995000	1	resi 119	resi 121
177	178	0.000408	0.997000	1	resi 177	resi 178
12	15	0.000306	0.972000	1	resi 12	resi 15
49	51	0.000306	0.992000	1	resi 49	resi 51
60	63	0.000306	0.959500	1	resi 60	resi 63
79	80	0.000306	0.986000	1	resi 79	resi 80
82	85	0.000306	0.980000	1	resi 82	resi 85
176	177	0.000306	0.997500	1	resi 176	resi 177
12	13	0.000204	0.986000	1	resi 12	resi 13
16	20	0.000204	0.987000	1	resi 16	resi 20
28	29	0.000204	0.991500	1	resi 28	resi 29
31	32	0.000204	0.987500	1	resi 31	resi 32
40	41	0.000204	0.992500	1	resi 40	resi 41
40	43	0.000204	0.986000	1	resi 40	resi 43
42	44	0.000204	0.989000	1	resi 42	resi 44
55	57	0.000204	0.985500	1	resi 55	resi 57
77	78	0.000204	0.989000	1	resi 77	resi 78
81	82	0.000204	0.987000	1	resi 81	resi 82
84	85	0.000204	0.994500	1	resi 84	resi 85
85	86	0.000204	0.990000	1	resi 85	resi 86
117	119	0.000204	0.991000	1	resi 117	resi 119
128	129	0.000204	0.996000	1	resi 128	resi 129
128	130	0.000204	0.996000	1	resi 128	resi 130
133	134	0.000204	0.999000	1	resi 133	resi 134
137	138	0.000204	0.997500	1	resi 137	resi 138
140	142	0.000204	0.997000	1	resi 140	resi 142
148	149	0.000204	0.998000	1	resi 148	resi 149
182	183	0.000204	0.998000	1	resi 182	resi 183
188	191	0.000204	0.990000	1	resi 188	resi 191
193	194	0.000204	0.997000	1	resi 193	resi 194
197	199	0.000204	0.998000	1	resi 197	resi 199
54	55	0.000102	0.984500	1	resi 54	resi 55
58	59	0.000102	0.980000	1	resi 58	resi 59
75	76	0.000102	0.987500	1	resi 75	resi 76
76	78	0.000102	0.993500	1	resi 76	resi 78
80	82	0.000102	0.987500	1	resi 80	resi 82
83	85	0.000102	0.987000	1	resi 83	resi 85
111	112	0.000102	0.989000	1	resi 111	resi 112
115	116	0.000102	0.987000	1	resi 115	resi 116
122	123	0.000102	0.990500	1	resi 122	resi 123
122	124	0.000102	0.990000	1	resi 122	resi 124
129	131	0.000102	0.998000	1	resi 129	resi 131
141	142	0.000102	0.997500	1	resi 141	resi 142
176	179	0.000102	0.995000	1	resi 176	resi 179
184	187	0.000102	0.989500	1	resi 184	resi 187
186	187	0.000102	0.997000	1	resi 186	resi 187
186	188	0.000102	0.997000	1	resi 186	resi 188
201	202	0.000102	0.998500	1	resi 201	resi 202
5	8	0.000000	0.951500	1	resi 5	resi 8
6	8	0.000000	0.953500	1	resi 6	resi 8
7	10	0.000000	0.958500	1	resi 7	resi 10
8	10	0.000000	0.961500	1	resi 8	resi 10
9	11	0.000000	0.966000	1	resi 9	resi 11
9	12	0.000000	0.959500	1	resi 9	resi 12
10	12	0.000000	0.969000	1	resi 10	resi 12
11	13	0.000000	0.976500	1	resi 11	resi 13
11	14	0.000000	0.973500	1	resi 11	resi 14
13	15	0.000000	0.963000	1	resi 13	resi 15
13	16	0.000000	0.978000	1	resi 13	resi 16
15	17	0.000000	0.980000	1	resi 15	resi 17
16	19	0.000000	0.982000	1	resi 16	resi 19
17	19	0.000000	0.978500	1	resi 17	resi 19
18	21	0.000000	0.983500	1	resi 18	resi 21
20	24	0.000000	0.986000	1	resi 20	resi 24
21	23	0.000000	0.989500	1	resi 21	resi 23
22	24	0.000000	0.994500	1	resi 22	resi 24
23	25	0.000000	0.992000	1	resi 23	resi 25
27	29	0.000000	0.978500	1	resi 27	resi 29
27	30	0.000000	0.987000	1	resi 27	resi 30
29	31	0.000000	0.979500	1	resi 29	resi 31
30	33	0.000000	0.976500	1	resi 30	resi 33
31	33	0.000000	0.972000	1	resi 31	resi 33
31	35	0.000000	0.969500	1	resi 31	resi 35
32	35	0.000000	0.979000	1	resi 32	resi 35
33	35	0.000000	0.977000	1	resi 33	resi 35
37	39	0.000000	0.978500	1	resi 37	resi 39
38	39	0.000000	0.989500	1	resi 38	resi 39
38	40	0.000000	0.978500	1	resi 38	resi 40
40	42	0.000000	0.984000	1	resi 40	resi 42
41	43	0.000000	0.980000	1	resi 41	resi 43
42	46	0.000000	0.989500	1	resi 42	resi 46
43	45	0.000000	0.985500	1	resi 43	resi 45
45	47	0.000000	0.985000	1	resi 45	resi 47
48	50	0.000000	0.988000	1	resi 48	resi 50
50	52	0.000000	0.981000	1	resi 50	resi 52
52	54	0.000000	0.982500	1	resi 52	resi 54
53	55	0.000000	0.984000	1	resi 53	resi 55
54	56	0.000000	0.977500	1	resi 54	resi 56
56	58	0.000000	0.981000	1	resi 56	resi 58
57	59	0.000000	0.962500	1	resi 57	resi 59
59	61	0.000000	0.967500	1	resi 59	resi 61
60	62	0.000000	0.963500	1	resi 60	resi 62
61	63	0.000000	0.941500	1	resi 61	resi 63
75	77	0.000000	0.972500	1	resi 75	resi 77
77	79	0.000000	0.983000	1	resi 77	resi 79
78	80	0.000000	0.975500	1	resi 78	resi 80
79	81	0.000000	0.980000	1	resi 79	resi 81
81	83	0.000000	0.985500	1	resi 81	resi 83
82	84	0.000000	0.969000	1	resi 82	resi 84
84	86	0.000000	0.982500	1	resi 84	resi 86
86	88	0.000000	0.969000	1	resi 86	resi 88
88	90	0.000000	0.983500	1	resi 88	resi 90
90	92	0.000000	0.973000	1	resi 90	resi 92
93	96	0.000000	0.978000	1	resi 93	resi 96
94	96	0.000000	0.979500	1	resi 94	resi 96
95	97	0.000000	0.988000	1	resi 95	resi 97
95	98	0.000000	0.984000	1	resi 95	resi 98
96	98	0.000000	0.991500	1	resi 96	resi 98
96	99	0.000000	0.984000	1	resi 96	resi 99
97	99	0.000000	0.989500	1	resi 97	resi 99
97	100	0.000000	0.982500	1	resi 97	resi 100
98	100	0.000000	0.988000	1	resi 98	resi 100
98	101	0.000000	0.987000	1	resi 98	resi 101
99	101	0.000000	0.992500	1	resi 99	resi 101
100	103	0.000000	0.980500	1	resi 100	resi 103
101	103	0.000000	0.981500	1	resi 101	resi 103
106	108	0.000000	0.984500	1	resi 106	resi 108
107	109	0.000000	0.984000	1	resi 107	resi 109
109	111	0.000000	0.982000	1	resi 109	resi 111
111	113	0.000000	0.976000	1	resi 111	resi 113
113	115	0.000000	0.986500	1	resi 113	resi 115
114	116	0.000000	0.983500	1	resi 114	resi 116
115	117	0.000000	0.987000	1	resi 115	resi 117
116	118	0.000000	0.988000	1	resi 116	resi 118
118	120	0.000000	0.982000	1	resi 118	resi 120
120	122	0.000000	0.986000	1	resi 120	resi 122
120	130	0.000000	0.991000	1	resi 120	resi 130
121	123	0.000000	0.990500	1	resi 121	resi 123
126	129	0.000000	0.991000	1	resi 126	resi 129
127	129	0.000000	0.987000	1	resi 127	resi 129
127	130	0.000000	0.991000	1	resi 127	resi 130
129	133	0.000000	0.990500	1	resi 129	resi 133
130	132	0.000000	0.992000	1	resi 130	resi 132
130	133	0.000000	0.987500	1	resi 130	resi 133
131	133	0.000000	0.986500	1	resi 131	resi 133
131	134	0.000000	0.990000	1	resi 131	resi 134
132	136	0.000000	0.985500	1	resi 132	resi 136
133	135	0.000000	0.996000	1	resi 133	resi 135
134	136	0.000000	0.990000	1	resi 134	resi 136
134	137	0.000000	0.983000	1	resi 134	resi 137
135	137	0.000000	0.985500	1	resi 135	resi 137
135	138	0.000000	0.991000	1	resi 135	resi 138
135	139	0.000000	0.986000	1	resi 135	resi 139
137	139	0.000000	0.995500	1	resi 137	resi 139
138	140	0.000000	0.989000	1	resi 138	resi 140
138	141	0.000000	0.983500	1	resi 138	resi 141
139	141	0.000000	0.987500	1	resi 139	resi 141
142	144	0.000000	0.987000	1	resi 142	resi 144
142	145	0.000000	0.983500	1	resi 142	resi 145
143	145	0.000000	0.989500	1	resi 143	resi 145
145	148	0.000000	0.991500	1	resi 145	resi 148
146	148	0.000000	0.985500	1	resi 146	resi 148
146	149	0.000000	0.986500	1	resi 146	resi 149
147	149	0.000000	0.993500	1	resi 147	resi 149
148	150	0.000000	0.996500	1	resi 148	resi 150
149	152	0.000000	0.988500	1	resi 149	resi 152
150	152	0.000000	0.985000	1	resi 150	resi 152
151	153	0.000000	0.991500	1	resi 151	resi 153
152	154	0.000000	0.992500	1	resi 152	resi 154
154	156	0.000000	0.991000	1	resi 154	resi 156
162	164	0.000000	0.996500	1	resi 162	resi 164
164	166	0.000000	0.995000	1	resi 164	resi 166
167	169	0.000000	0.998000	1	resi 167	resi 169
168	170	0.000000	0.997000	1	resi 168	resi 170
169	171	0.000000	0.998000	1	resi 169	resi 171
169	172	0.000000	0.996000	1	resi 169	resi 172
170	171	0.000000	0.997000	1	resi 170	resi 171
170	172	0.000000	0.994000	1	resi 170	resi 172
171	173	0.000000	0.998000	1	resi 171	resi 173
172	174	0.000000	0.997500	1	resi 172	resi 174
173	175	0.000000	0.994000	1	resi 173	resi 175
173	176	0.000000	0.995000	1	resi 173	resi 176
174	175	0.000000	0.996000	1	resi 174	resi 175
174	176	0.000000	0.995000	1	resi 174	resi 176
175	177	0.000000	0.996500	1	resi 175	resi 177
176	178	0.000000	0.998000	1	resi 176	resi 178
177	179	0.000000	0.988500	1	resi 177	resi 179
177	180	0.000000	0.993000	1	resi 177	resi 180
179	181	0.000000	0.993500	1	resi 179	resi 181
182	184	0.000000	0.995000	1	resi 182	resi 184
183	186	0.000000	0.986500	1	resi 183	resi 186
184	186	0.000000	0.985500	1	resi 184	resi 186
184	188	0.000000	0.986000	1	resi 184	resi 188
187	189	0.000000	0.990000	1	resi 187	resi 189
187	190	0.000000	0.984500	1	resi 187	resi 190
188	190	0.000000	0.987500	1	resi 188	resi 190
189	191	0.000000	0.995500	1	resi 189	resi 191
189	192	0.000000	0.995000	1	resi 189	resi 192
190	193	0.000000	0.990500	1	resi 190	resi 193
191	193	0.000000	0.986000	1	resi 191	resi 193
191	194	0.000000	0.986000	1	resi 191	resi 194
191	195	0.000000	0.989500	1	resi 191	resi 195
192	194	0.000000	0.991500	1	resi 192	resi 194
193	195	0.000000	0.996000	1	resi 193	resi 195
194	197	0.000000	0.990000	1	resi 194	resi 197
195	196	0.000000	0.995000	1	resi 195	resi 196
195	197	0.000000	0.985500	1	resi 195	resi 197
195	198	0.000000	0.988500	1	resi 195	resi 198
196	198	0.000000	0.993500	1	resi 196	resi 198
197	198	0.000000	0.997000	1	resi 197	resi 198
198	200	0.000000	0.992500	1	resi 198	resi 200
198	201	0.000000	0.987000	1	resi 198	resi 201
199	201	0.000000	0.988500	1	resi 199	resi 201
199	202	0.000000	0.990500	1	resi 199	resi 202
201	204	0.000000	0.987500	1	resi 201	resi 204
202	204	0.000000	0.986500	1	resi 202	resi 204
203	205	0.000000	0.984000	1	resi 203	resi 205
