node,label,x,y,z,size
0,LEU50,28.572,30.177,38.584,2.001144
1,GLU51,31.394,31.123,40.937,2.001144
2,LEU69,28.026,35.352,30.125,1.676201
3,ASN70,27.201,38.731,31.749,1.177346
4,GLU24,37.384,31.865,36.103,1.456522
5,ASP52,34.897,31.865,39.559,1.291762
6,LEU43,29.285,33.209,33.842,1.097254
7,ARG54,34.617,26.439,41.236,1.008009
8,THR55,35.477,23.694,38.622,1.081236
9,LYS27,35.52,33.249,31.11,0.914188
10,ILE30,36.07,34.101,26.186,0.804348
11,LEU71,28.738,41.977,33.177,0.875286
12,ARG72,28.259,42.604,36.889,0.735698
13,ILE44,25.656,32.039,34.153,1.024027
14,HSD68,25.6,32.517,29.218,0.953089
15,ASP21,39.036,23.884,34.464,0.646453
16,THR22,37.764,26.75,36.716,0.854691
17,LEU73,25.216,44.262,38.693,0.580092
18,VAL5,29.023,30.465,25.325,0.62357
19,LYS6,26.286,33.036,24.754,0.884439
20,GLU34,35.805,38.573,21.836,0.598398
21,ASN25,39.284,30.064,33.076,0.781465
22,ALA28,39.247,34.093,30.63,0.518307
23,ASP58,31.688,21.139,41.06,0.566362
24,GLY35,37.314,41.556,23.808,0.488558
25,THR7,27.799,36.516,24.687,0.536613
26,GLU18,38.475,20.288,30.224,0.861556
27,ARG74,25.298,47.445,40.798,0.419908
28,ILE13,31.244,30.96,20.978,0.511442
29,THR14,31.713,27.184,20.502,0.511442
30,LEU15,34.318,26.351,23.195,0.490847
31,GLU16,36.42,23.324,24.303,0.493135
32,VAL17,37.263,23.129,27.974,0.454233
33,ILE36,34.938,41.337,26.653,0.406178
34,LEU8,27.072,40.069,23.403,0.342105
35,THR66,24.446,26.463,26.788,0.364989
36,LEU67,26.092,28.809,29.148,0.465675
37,MET1,34.442,18.696,26.024,0.474828
38,LYS48,22.179,30.45,38.514,0.316934
39,GLN49,25.475,32.314,38.176,0.463387
40,PRO37,35.994,43.508,29.732,0.360412
41,PRO38,38.073,41.298,32.395,0.33524
42,ASP39,37.529,41.471,36.195,0.33524
43,GLN41,31.988,39.286,34.088,0.552632
44,ASN60,28.128,19.154,37.399,0.364989
45,GLY75,24.041,48.961,44.126,0.255149
46,GLN31,37.546,37.445,27.304,0.234554
47,GLN2,32.369,21.185,24.052,0.300915
48,ARG42,29.884,36.475,35.654,0.28032
49,ILE61,28.26,20.887,33.867,0.241419
50,SER65,25.657,22.967,27.441,0.25286
51,GLY53,37.022,29.395,41.694,0.449657
52,ILE3,30.132,23.85,25.47,0.298627
53,THR9,25.253,40.882,20.132,0.213959
54,PHE4,28.516,26.91,23.939,0.282609
55,LEU56,32.677,23.08,35.992,0.204805
56,SER20,38.406,20.39,35.726,0.314645
57,GLY47,19.862,31.208,35.572,0.165904
58,PHE45,24.158,28.583,33.678,0.195652
59,LYS63,29.016,18.446,27.191,0.278032
60,GLU64,27.012,20.617,24.854,0.220824
61,THR12,27.658,31.913,19.981,0.223112
62,PRO19,35.83,19.675,33.105,0.227689
63,GLN62,28.138,18.341,31.025,0.165904
64,GLY76,21.464,47.321,46.446,0.085812
65,GLN40,33.821,42.195,35.991,0.085812
66,TYR59,28.424,22.346,39.464,0.085812
67,ASP32,40.565,36.812,25.024,0.085812
68,LYS11,27.121,35.606,19.36,0.195652
69,LYS29,39.295,32.249,27.209,0.088101
70,VAL26,36.118,29.5,30.992,0.085812
71,LYS33,38.303,35.619,22.212,0.099542
72,GLY10,23.84,37.303,20.274,0.085812
73,SER57,32.443,19.647,37.583,0.216247
74,ILE23,34.759,29.001,35.646,0.108696
75,ALA46,20.488,27.741,34.067,0.085812
