residue	score	rank	segment	selector
103	2.260829	1	1	resi 103
104	2.000000	2	1	resi 104
105	1.999813	3	1	resi 105
106	1.999253	4	1	resi 106
109	1.958738	5	1	resi 109
125	1.917662	6	1	resi 125
129	1.863891	7	1	resi 129
130	1.853996	8	1	resi 130
132	1.853622	9	1	resi 132
120	1.834765	10	1	resi 120
117	1.825243	11	1	resi 117
135	1.807132	12	1	resi 135
110	1.794623	13	1	resi 110
113	1.786594	14	1	resi 113
136	1.783794	15	1	resi 136
116	1.782674	16	1	resi 116
139	1.758775	17	1	resi 139
140	1.732076	18	1	resi 140
143	1.716019	19	1	resi 143
147	1.654780	20	1	resi 147
146	1.647872	21	1	resi 146
151	1.587565	22	1	resi 151
148	1.583645	23	1	resi 148
102	1.568148	24	1	resi 102
101	1.555452	25	1	resi 101
100	1.543689	26	1	resi 100
99	1.532674	27	1	resi 99
98	1.521471	28	1	resi 98
97	1.510082	29	1	resi 97
154	1.485437	30	1	resi 154
158	1.455564	31	1	resi 158
157	1.438200	32	1	resi 157
160	1.414488	33	1	resi 160
161	1.393391	34	1	resi 161
162	1.371919	35	1	resi 162
163	1.350075	36	1	resi 163
164	1.327857	37	1	resi 164
165	1.305265	38	1	resi 165
166	1.282300	39	1	resi 166
96	1.138163	40	1	resi 96
95	1.129201	41	1	resi 95
171	1.125467	42	1	resi 171
21	1.053771	43	1	resi 21
53	0.955190	44	1	resi 53
174	0.919156	45	1	resi 174
181	0.893577	46	1	resi 181
177	0.892270	47	1	resi 177
182	0.796490	48	1	resi 182
185	0.775019	49	1	resi 185
90	0.766243	50	1	resi 90
186	0.675504	51	1	resi 186
189	0.651046	52	1	resi 189
89	0.576363	53	1	resi 89
17	0.568521	54	1	resi 17
192	0.554145	55	1	resi 192
14	0.481703	56	1	resi 14
86	0.456497	57	1	resi 86
193	0.449403	58	1	resi 193
50	0.446602	59	1	resi 50
83	0.423824	60	1	resi 83
196	0.419716	61	1	resi 196
47	0.418223	62	1	resi 47
24	0.404780	63	1	resi 24
46	0.386109	64	1	resi 46
45	0.354556	65	1	resi 45
25	0.344100	66	1	resi 25
13	0.343727	67	1	resi 13
82	0.327670	68	1	resi 82
197	0.313480	69	1	resi 197
26	0.312360	70	1	resi 26
10	0.309186	71	1	resi 10
79	0.294063	72	1	resi 79
200	0.279313	73	1	resi 200
9	0.274459	74	1	resi 9
54	0.273525	75	1	resi 54
42	0.258402	76	1	resi 42
28	0.249066	77	1	resi 28
7	0.243279	78	1	resi 7
57	0.241038	79	1	resi 57
78	0.227035	80	1	resi 78
39	0.226662	81	1	resi 39
58	0.207058	82	1	resi 58
64	0.207058	83	1	resi 64
75	0.192121	84	1	resi 75
30	0.184093	85	1	resi 30
112	0.179798	86	1	resi 112
172	0.179798	87	1	resi 172
61	0.176064	88	1	resi 61
65	0.171583	89	1	resi 65
5	0.170090	90	1	resi 5
203	0.170090	91	1	resi 203
74	0.161128	92	1	resi 74
175	0.158701	93	1	resi 175
87	0.155340	94	1	resi 87
115	0.144511	95	1	resi 115
167	0.143204	96	1	resi 167
118	0.140030	97	1	resi 118
66	0.136296	98	1	resi 66
38	0.136109	99	1	resi 38
4	0.132935	100	1	resi 4
204	0.132935	101	1	resi 204
73	0.125653	102	1	resi 73
94	0.122853	103	1	resi 94
124	0.117625	104	1	resi 124
37	0.117252	105	1	resi 37
56	0.109597	106	1	resi 56
121	0.108663	107	1	resi 121
36	0.103435	108	1	resi 36
67	0.101942	109	1	resi 67
63	0.101008	110	1	resi 63
178	0.099701	111	1	resi 178
3	0.095407	112	1	resi 3
205	0.095407	113	1	resi 205
12	0.093353	114	1	resi 12
72	0.090739	115	1	resi 72
84	0.085885	116	1	resi 84
152	0.085325	117	1	resi 152
31	0.083831	118	1	resi 31
170	0.081777	119	1	resi 170
68	0.068708	120	1	resi 68
155	0.066841	121	1	resi 155
126	0.066094	122	1	resi 126
16	0.065907	123	1	resi 16
93	0.060493	124	1	resi 93
71	0.060119	125	1	resi 71
11	0.058813	126	1	resi 11
2	0.057506	127	1	resi 2
206	0.057506	128	1	resi 206
80	0.056759	129	1	resi 80
199	0.055825	130	1	resi 199
114	0.055265	131	1	resi 114
195	0.055078	132	1	resi 195
55	0.054145	133	1	resi 55
32	0.053771	134	1	resi 32
20	0.053211	135	1	resi 20
183	0.053211	136	1	resi 183
52	0.053025	137	1	resi 52
51	0.052278	138	1	resi 51
49	0.051344	139	1	resi 49
131	0.047984	140	1	resi 131
150	0.046677	141	1	resi 150
144	0.045930	142	1	resi 144
59	0.042756	143	1	resi 59
119	0.041636	144	1	resi 119
34	0.039582	145	1	resi 34
111	0.038088	146	1	resi 111
18	0.036408	147	1	resi 18
69	0.036408	148	1	resi 69
88	0.034727	149	1	resi 88
128	0.033981	150	1	resi 128
168	0.033981	151	1	resi 168
70	0.033607	152	1	resi 70
91	0.031180	153	1	resi 91
85	0.026886	154	1	resi 85
173	0.024645	155	1	resi 173
180	0.024272	156	1	resi 180
60	0.023898	157	1	resi 60
15	0.023152	158	1	resi 15
8	0.023152	159	1	resi 8
188	0.022778	160	1	resi 188
22	0.022405	161	1	resi 22
41	0.022405	162	1	resi 41
43	0.022218	163	1	resi 43
62	0.022031	164	1	resi 62
77	0.021098	165	1	resi 77
81	0.020724	166	1	resi 81
108	0.020724	167	1	resi 108
169	0.020724	168	1	resi 169
19	0.020164	169	1	resi 19
123	0.020164	170	1	resi 123
76	0.019604	171	1	resi 76
23	0.019417	172	1	resi 23
153	0.019417	173	1	resi 153
176	0.019417	174	1	resi 176
1	0.019231	175	1	resi 1
6	0.019231	176	1	resi 6
27	0.019231	177	1	resi 27
29	0.019231	178	1	resi 29
35	0.019231	179	1	resi 35
40	0.019231	180	1	resi 40
44	0.019231	181	1	resi 44
48	0.019231	182	1	resi 48
92	0.019231	183	1	resi 92
107	0.019231	184	1	resi 107
127	0.019231	185	1	resi 127
133	0.019231	186	1	resi 133
134	0.019231	187	1	resi 134
137	0.019231	188	1	resi 137
138	0.019231	189	1	resi 138
141	0.019231	190	1	resi 141
142	0.019231	191	1	resi 142
145	0.019231	192	1	resi 145
149	0.019231	193	1	resi 149
156	0.019231	194	1	resi 156
159	0.019231	195	1	resi 159
184	0.019231	196	1	resi 184
194	0.019231	197	1	resi 194
198	0.019231	198	1	resi 198
207	0.019231	199	1	resi 207
33	0.019231	200	1	resi 33
122	0.019231	201	1	resi 122
179	0.019231	202	1	resi 179
187	0.019231	203	1	resi 187
190	0.019231	204	1	resi 190
191	0.019231	205	1	resi 191
201	0.019231	206	1	resi 201
202	0.019231	207	1	resi 202
