node1,node2,x,y,z,size
LEU50,GLU51,26.4325,39.03,29.752000000000002,1.0
GLN41,ARG42,28.0715,33.236000000000004,37.7775,0.790787
ARG54,THR55,24.865000000000002,35.8785,22.915,0.677543
ARG42,LEU69,31.5175,33.7965,36.951499999999996,0.587332
PRO37,GLN40,24.3845,28.536,40.5135,0.564299
VAL70,LEU71,31.7845,32.850500000000004,41.049,0.564299
ARG72,LEU73,27.573999999999998,32.635,46.087,0.552783
LYS6,LEU69,36.5535,31.377000000000002,35.5285,0.541267
GLU51,ARG54,24.177500000000002,37.941,26.7185,0.541267
ARG42,LEU43,29.8475,35.1145,35.6995,0.533589
GLN40,GLN41,26.1425,31.213,39.8395,0.514395
GLU24,LYS27,24.9225,29.670499999999997,30.7225,0.489443
LEU71,ARG72,29.179499999999997,32.647,43.2595,0.489443
VAL5,LYS6,37.637,29.7625,33.1025,0.476008
GLU51,ASP52,23.6615,37.287,29.461,0.46833
LEU43,LEU50,29.567500000000003,37.173500000000004,32.106,0.460653
ASP21,THR22,25.256,30.65,22.6145,0.449136
GLU24,ASP52,23.064999999999998,33.2665,29.4235,0.422265
LEU73,ARG74,25.765500000000003,31.2265,48.475,0.420345
THR22,ASN25,24.284,29.7525,25.6115,0.412668
ILE44,HSD68,34.8445,36.343,33.866,0.412668
THR66,LEU67,37.914500000000004,33.516,29.5475,0.370441
LEU67,HSD68,36.378,34.167500000000004,32.348,0.370441
LYS27,PRO38,24.849,28.619,34.463499999999996,0.368522
LEU69,VAL70,33.558,33.2,38.2505,0.349328
ALA28,GLN31,25.491,24.027,33.5045,0.347409
ASP52,GLY53,21.820999999999998,35.7295,27.872,0.345489
GLN62,LYS63,37.8825,32.193,19.7035,0.34357
ILE61,GLN62,35.8525,34.916,20.453,0.337812
HSD68,LEU69,35.358,33.5355,35.430499999999995,0.337812
ARG42,VAL70,30.9155,34.3755,38.592,0.335893
ASN25,ALA28,24.391,26.43,29.3955,0.333973
ILE13,THR14,37.588,24.1475,30.975499999999997,0.326296
SER65,THR66,39.807,33.117999999999995,26.721,0.322457
GLU18,ASP21,28.148,28.311999999999998,19.941,0.320537
THR55,LEU56,27.820500000000003,34.698499999999996,21.6435,0.320537
VAL17,GLU18,30.778,26.351,20.275,0.314779
THR14,LEU15,36.451,23.810000000000002,28.082,0.307102
ILE44,LEU50,30.724000000000004,38.663,31.7935,0.307102
THR7,LEU69,35.8755,31.3095,37.3545,0.305182
ILE3,PHE4,37.7025,28.3955,26.9055,0.299424
VAL5,ILE13,36.7475,26.9755,32.2575,0.289827
GLU64,SER65,40.5205,31.4485,23.9195,0.289827
ARG74,GLY75,22.647,31.6475,49.778000000000006,0.284069
ILE36,PRO37,25.555500000000002,25.4645,39.684,0.28215
LYS11,THR12,40.297,25.851,36.506,0.28023
PHE4,VAL5,37.416,28.901,30.191,0.276392
LEU15,GLU16,34.400499999999994,23.521,25.191499999999998,0.276392
GLU16,VAL17,32.666,24.3795,22.686999999999998,0.274472
THR55,ASP58,26.697499999999998,36.921,20.793,0.274472
LYS63,GLU64,39.8645,30.125999999999998,21.532,0.266795
GLN31,PRO37,25.0865,24.534,37.557500000000005,0.261036
LYS6,THR12,39.553,28.097,34.551,0.25144
ILE44,PHE45,34.125,38.635,31.922,0.24952
LEU56,ILE61,32.164500000000004,35.221000000000004,21.506,0.245681
THR22,THR55,25.136000000000003,33.311,22.863500000000002,0.238004
MET1,GLU18,33.042,26.575499999999998,18.8945,0.230326
GLN49,LEU50,28.887999999999998,40.179,31.5655,0.230326
GLY35,ILE36,27.64,22.935000000000002,39.5415,0.214971
SER20,THR55,26.213,32.9815,19.822499999999998,0.211132
GLN40,ARG72,26.3815,32.149,42.8645,0.191939
LEU43,ILE44,31.9765,36.7465,33.7935,0.18618
GLY53,ARG54,22.337,36.3835,25.1295,0.18618
GLN31,ASP32,26.549500000000002,21.2375,34.545500000000004,0.174664
LYS48,GLN49,30.947499999999998,42.433,32.799499999999995,0.170825
MET1,GLN2,36.92700000000001,25.915,20.857,0.168906
LEU43,LEU69,32.489999999999995,33.939,35.358000000000004,0.168906
LYS27,ALA28,25.5245,26.772,31.813000000000002,0.166987
PRO38,GLN41,25.239,30.163,37.533500000000004,0.166987
THR22,GLU24,23.852,31.353,26.6295,0.159309
THR12,ILE13,38.6635,25.310000000000002,33.706,0.149712
GLN2,ILE3,37.4005,27.0805,23.8505,0.147793
GLY10,LYS11,40.6335,26.862,39.754000000000005,0.143954
GLU34,GLY35,29.604,21.008,38.3965,0.143954
GLY75,GLY76,20.570999999999998,33.274,52.2025,0.143954
GLU18,SER20,28.316000000000003,29.109499999999997,18.2215,0.142035
THR7,LEU8,38.205,31.475,39.1085,0.140115
VAL5,HSD68,36.4415,31.921,33.0045,0.138196
THR7,THR9,39.7475,30.815,40.08,0.136276
GLU18,PRO19,30.234,29.028,18.3025,0.130518
ILE30,GLN31,27.929499999999997,23.643,34.455,0.128599
LYS6,HSD68,37.7515,32.2915,34.349000000000004,0.126679
PRO38,GLN40,24.113500000000002,29.875999999999998,39.111000000000004,0.119002
ASP58,TYR59,28.8965,39.3755,21.079,0.115163
GLY47,LYS48,34.3165,43.626000000000005,32.76,0.113244
ASN60,ILE61,33.8285,37.441,20.668999999999997,0.113244
ILE3,LYS63,37.786500000000004,29.4125,22.602,0.111324
ASP58,ASN60,30.256999999999998,38.9945,19.808500000000002,0.111324
LYS6,THR7,38.269000000000005,30.0655,36.272999999999996,0.107486
THR22,GLY53,22.608,33.816,25.078,0.107486
LYS27,ILE30,27.963,26.387999999999998,32.7635,0.099808
PRO19,SER20,28.419,31.036499999999997,17.935,0.09405
THR55,SER57,27.7435,35.542,19.893,0.092131
PHE45,ALA46,35.924,40.765,29.8185,0.090211
MET1,LYS63,37.313,28.247,19.6085,0.086372
PRO19,SER57,29.9495,33.596999999999994,18.005499999999998,0.084453
PHE45,GLY47,35.658,41.344,31.6545,0.080614
SER20,ASP21,26.333,30.3205,19.5735,0.076775
ILE44,LYS48,32.783500000000004,40.917,33.0275,0.076775
ALA28,LYS29,26.1085,24.26,30.8975,0.074856
LYS33,GLU34,30.927500000000002,20.2765,35.764,0.072937
PHE4,ILE13,37.8365,26.4845,30.6905,0.069098
LYS29,ILE30,28.546999999999997,23.876,31.848,0.067179
PRO37,PRO38,23.481,27.486,38.207499999999996,0.067179
GLN31,GLY35,27.171,22.0045,37.415000000000006,0.065259
GLN31,ILE36,26.89,23.8525,37.6315,0.06142
ASP39,GLN41,24.58,31.4715,38.724000000000004,0.06142
PHE45,LEU67,35.658500000000004,36.4595,30.404,0.055662
ALA46,GLY47,36.465,43.075,31.11,0.053743
ILE23,ASP52,24.3945,34.208,28.3675,0.051823
ASP32,LYS33,28.623,19.5885,33.823,0.051823
PRO38,ASP39,22.551000000000002,30.134500000000003,37.9955,0.051823
