i	j	score	corr	segment_i	segment_j	scope	selector_i	selector_j
108	109	1.000000	0.612000	1	1	protein1	resi 108	resi 109
315	316	1.000000	0.612000	2	2	protein2	resi 315	resi 316
109	112	0.996066	0.837500	1	1	protein1	resi 109	resi 112
316	319	0.996066	0.837500	2	2	protein2	resi 316	resi 319
107	108	0.993978	0.821500	1	1	protein1	resi 107	resi 108
314	315	0.993978	0.821500	2	2	protein2	resi 314	resi 315
106	107	0.987896	0.869500	1	1	protein1	resi 106	resi 107
313	314	0.987896	0.869500	2	2	protein2	resi 313	resi 314
105	106	0.981754	0.864500	1	1	protein1	resi 105	resi 106
312	313	0.981754	0.864500	2	2	protein2	resi 312	resi 313
104	105	0.975551	0.828000	1	1	protein1	resi 104	resi 105
311	312	0.975551	0.828000	2	2	protein2	resi 311	resi 312
103	104	0.969287	0.868500	1	1	protein1	resi 103	resi 104
310	311	0.969287	0.868500	2	2	protein2	resi 310	resi 311
120	130	0.932522	0.688500	1	1	protein1	resi 120	resi 130
327	337	0.932522	0.688500	2	2	protein2	resi 327	resi 337
115	118	0.870461	0.870000	1	1	protein1	resi 115	resi 118
322	325	0.870461	0.870000	2	2	protein2	resi 322	resi 325
112	115	0.862382	0.839000	1	1	protein1	resi 112	resi 115
319	322	0.862382	0.839000	2	2	protein2	resi 319	resi 322
132	135	0.861807	0.736000	1	1	protein1	resi 132	resi 135
339	342	0.861807	0.736000	2	2	protein2	resi 339	resi 342
119	120	0.856451	0.914000	1	1	protein1	resi 119	resi 120
326	327	0.856451	0.914000	2	2	protein2	resi 326	resi 327
118	119	0.852971	0.939500	1	1	protein1	resi 118	resi 119
325	326	0.852971	0.939500	2	2	protein2	resi 325	resi 326
135	139	0.830867	0.697500	1	1	protein1	resi 135	resi 139
342	346	0.830867	0.697500	2	2	protein2	resi 342	resi 346
130	132	0.787763	0.745000	1	1	protein1	resi 130	resi 132
337	339	0.787763	0.745000	2	2	protein2	resi 337	resi 339
53	103	0.395153	0.744500	1	1	protein1	resi 53	resi 103
260	310	0.395153	0.744500	2	2	protein2	resi 260	resi 310
139	140	0.373230	0.887000	1	1	protein1	resi 139	resi 140
346	347	0.373230	0.887000	2	2	protein2	resi 346	resi 347
139	347	0.362155	0.623000	1	2	crosschain	resi 139	resi 347
140	346	0.362155	0.623000	1	2	crosschain	resi 140	resi 346
102	103	0.335421	0.869500	1	1	protein1	resi 102	resi 103
309	310	0.335421	0.869500	2	2	protein2	resi 309	resi 310
101	102	0.306009	0.878000	1	1	protein1	resi 101	resi 102
308	309	0.306009	0.878000	2	2	protein2	resi 308	resi 309
98	101	0.297507	0.816000	1	1	protein1	resi 98	resi 101
305	308	0.297507	0.816000	2	2	protein2	resi 305	resi 308
18	94	0.292302	0.700500	1	1	protein1	resi 18	resi 94
225	301	0.292302	0.700500	2	2	protein2	resi 225	resi 301
95	98	0.289579	0.835500	1	1	protein1	resi 95	resi 98
302	305	0.289579	0.835500	2	2	protein2	resi 302	resi 305
94	95	0.284011	0.876000	1	1	protein1	resi 94	resi 95
301	302	0.284011	0.876000	2	2	protein2	resi 301	resi 302
50	53	0.235687	0.818500	1	1	protein1	resi 50	resi 53
257	260	0.235687	0.818500	2	2	protein2	resi 257	resi 260
100	103	0.234507	0.773000	1	1	protein1	resi 100	resi 103
307	310	0.234507	0.773000	2	2	protein2	resi 307	resi 310
47	50	0.225974	0.816000	1	1	protein1	resi 47	resi 50
254	257	0.225974	0.816000	2	2	protein2	resi 254	resi 257
97	100	0.224734	0.780000	1	1	protein1	resi 97	resi 100
304	307	0.224734	0.780000	2	2	protein2	resi 304	resi 307
46	47	0.219923	0.811500	1	1	protein1	resi 46	resi 47
253	254	0.219923	0.811500	2	2	protein2	resi 253	resi 254
90	97	0.217835	0.529000	1	1	protein1	resi 90	resi 97
297	304	0.217835	0.529000	2	2	protein2	resi 297	resi 304
136	396	0.213538	0.461000	1	2	crosschain	resi 136	resi 396
189	343	0.213538	0.461000	1	2	crosschain	resi 189	resi 343
189	192	0.186335	0.712000	1	1	protein1	resi 189	resi 192
396	399	0.186335	0.712000	2	2	protein2	resi 396	resi 399
42	46	0.179073	0.764500	1	1	protein1	resi 42	resi 46
249	253	0.179073	0.764500	2	2	protein2	resi 249	resi 253
133	136	0.172386	0.683500	1	1	protein1	resi 133	resi 136
340	343	0.172386	0.683500	2	2	protein2	resi 340	resi 343
114	377	0.168845	0.630000	1	2	crosschain	resi 114	resi 377
170	321	0.168845	0.630000	1	2	crosschain	resi 170	resi 321
130	133	0.166788	0.763500	1	1	protein1	resi 130	resi 133
337	340	0.166788	0.763500	2	2	protein2	resi 337	resi 340
15	18	0.166394	0.857500	1	1	protein1	resi 15	resi 18
222	225	0.166394	0.857500	2	2	protein2	resi 222	resi 225
39	42	0.152021	0.945500	1	1	protein1	resi 39	resi 42
246	249	0.152021	0.945500	2	2	protein2	resi 246	resi 249
38	39	0.143670	0.947500	1	1	protein1	resi 38	resi 39
245	246	0.143670	0.947500	2	2	protein2	resi 245	resi 246
112	114	0.139797	0.847500	1	1	protein1	resi 112	resi 114
319	321	0.139797	0.847500	2	2	protein2	resi 319	resi 321
37	38	0.137225	0.951000	1	1	protein1	resi 37	resi 38
244	245	0.137225	0.951000	2	2	protein2	resi 244	resi 245
36	37	0.134532	0.957000	1	1	protein1	resi 36	resi 37
243	244	0.134532	0.957000	2	2	protein2	resi 243	resi 244
53	54	0.129781	0.868000	1	1	protein1	resi 53	resi 54
260	261	0.129781	0.868000	2	2	protein2	resi 260	resi 261
87	90	0.129599	0.756500	1	1	protein1	resi 87	resi 90
294	297	0.129599	0.756500	2	2	protein2	resi 294	resi 297
84	87	0.119947	0.815500	1	1	protein1	resi 84	resi 87
291	294	0.119947	0.815500	2	2	protein2	resi 291	resi 294
54	57	0.119311	0.768000	1	1	protein1	resi 54	resi 57
261	264	0.119311	0.768000	2	2	protein2	resi 261	resi 264
14	15	0.118767	0.926500	1	1	protein1	resi 14	resi 15
221	222	0.118767	0.926500	2	2	protein2	resi 221	resi 222
160	161	0.113290	0.820000	1	1	protein1	resi 160	resi 161
367	368	0.113290	0.820000	2	2	protein2	resi 367	resi 368
161	162	0.110657	0.775000	1	1	protein1	resi 161	resi 162
368	369	0.110657	0.775000	2	2	protein2	resi 368	resi 369
81	84	0.110294	0.797000	1	1	protein1	resi 81	resi 84
288	291	0.110294	0.797000	2	2	protein2	resi 288	resi 291
78	81	0.109780	0.792500	1	1	protein1	resi 78	resi 81
285	288	0.109780	0.792500	2	2	protein2	resi 285	resi 288
11	14	0.107298	0.878500	1	1	protein1	resi 11	resi 14
218	221	0.107298	0.878500	2	2	protein2	resi 218	resi 221
139	142	0.101806	0.774000	1	1	protein1	resi 139	resi 142
346	349	0.101806	0.774000	2	2	protein2	resi 346	resi 349
151	154	0.099371	0.840000	1	1	protein1	resi 151	resi 154
358	361	0.099371	0.840000	2	2	protein2	resi 358	resi 361
142	145	0.098569	0.741500	1	1	protein1	resi 142	resi 145
349	352	0.098569	0.741500	2	2	protein2	resi 349	resi 352
145	148	0.097918	0.774500	1	1	protein1	resi 145	resi 148
352	355	0.097918	0.774500	2	2	protein2	resi 352	resi 355
162	163	0.097313	0.862500	1	1	protein1	resi 162	resi 163
369	370	0.097313	0.862500	2	2	protein2	resi 369	resi 370
163	166	0.096557	0.687000	1	1	protein1	resi 163	resi 166
370	373	0.096557	0.687000	2	2	protein2	resi 370	resi 373
18	19	0.094953	0.934000	1	1	protein1	resi 18	resi 19
225	226	0.094953	0.934000	2	2	protein2	resi 225	resi 226
31	36	0.094438	0.919500	1	1	protein1	resi 31	resi 36
238	243	0.094438	0.919500	2	2	protein2	resi 238	resi 243
148	151	0.087751	0.830500	1	1	protein1	resi 148	resi 151
355	358	0.087751	0.830500	2	2	protein2	resi 355	resi 358
57	58	0.086601	0.847500	1	1	protein1	resi 57	resi 58
264	265	0.086601	0.847500	2	2	protein2	resi 264	resi 265
8	11	0.084695	0.914000	1	1	protein1	resi 8	resi 11
215	218	0.084695	0.914000	2	2	protein2	resi 215	resi 218
19	20	0.084544	0.928500	1	1	protein1	resi 19	resi 20
226	227	0.084544	0.928500	2	2	protein2	resi 226	resi 227
166	167	0.084332	0.893500	1	1	protein1	resi 166	resi 167
373	374	0.084332	0.893500	2	2	protein2	resi 373	resi 374
154	160	0.078704	0.720000	1	1	protein1	resi 154	resi 160
361	367	0.078704	0.720000	2	2	protein2	resi 361	resi 367
58	61	0.076404	0.742000	1	1	protein1	resi 58	resi 61
265	268	0.076404	0.742000	2	2	protein2	resi 265	resi 268
182	185	0.076253	0.757500	1	1	protein1	resi 182	resi 185
389	392	0.076253	0.757500	2	2	protein2	resi 389	resi 392
75	78	0.074346	0.815000	1	1	protein1	resi 75	resi 78
282	285	0.074346	0.815000	2	2	protein2	resi 282	resi 285
167	170	0.073908	0.718500	1	1	protein1	resi 167	resi 170
374	377	0.073908	0.718500	2	2	protein2	resi 374	resi 377
181	182	0.073045	0.784000	1	1	protein1	resi 181	resi 182
388	389	0.073045	0.784000	2	2	protein2	resi 388	resi 389
192	403	0.073015	0.648500	1	2	crosschain	resi 192	resi 403
196	399	0.073015	0.648500	1	2	crosschain	resi 196	resi 399
177	181	0.070382	0.770000	1	1	protein1	resi 177	resi 181
384	388	0.070382	0.770000	2	2	protein2	resi 384	resi 388
89	90	0.070261	0.835000	1	1	protein1	resi 89	resi 90
296	297	0.070261	0.835000	2	2	protein2	resi 296	resi 297
199	202	0.068627	0.678500	1	1	protein1	resi 199	resi 202
406	409	0.068627	0.678500	2	2	protein2	resi 406	resi 409
170	173	0.068234	0.758500	1	1	protein1	resi 170	resi 173
377	380	0.068234	0.758500	2	2	protein2	resi 377	resi 380
61	64	0.065420	0.586000	1	1	protein1	resi 61	resi 64
268	271	0.065420	0.586000	2	2	protein2	resi 268	resi 271
74	75	0.062455	0.839000	1	1	protein1	resi 74	resi 75
281	282	0.062455	0.839000	2	2	protein2	resi 281	resi 282
202	203	0.061880	0.469500	1	1	protein1	resi 202	resi 203
409	410	0.061880	0.469500	2	2	protein2	resi 409	resi 410
5	8	0.061426	0.891000	1	1	protein1	resi 5	resi 8
212	215	0.061426	0.891000	2	2	protein2	resi 212	resi 215
93	94	0.059459	0.848000	1	1	protein1	resi 93	resi 94
300	301	0.059459	0.848000	2	2	protein2	resi 300	resi 301
64	65	0.058854	0.674500	1	1	protein1	resi 64	resi 65
271	272	0.058854	0.674500	2	2	protein2	resi 271	resi 272
117	120	0.058188	0.817000	1	1	protein1	resi 117	resi 120
324	327	0.058188	0.817000	2	2	protein2	resi 324	resi 327
132	392	0.057069	0.403500	1	2	crosschain	resi 132	resi 392
185	339	0.057069	0.403500	1	2	crosschain	resi 185	resi 339
86	89	0.055495	0.824000	1	1	protein1	resi 86	resi 89
293	296	0.055495	0.824000	2	2	protein2	resi 293	resi 296
20	24	0.055435	0.850000	1	1	protein1	resi 20	resi 24
227	231	0.055435	0.850000	2	2	protein2	resi 227	resi 231
136	139	0.055313	0.716000	1	1	protein1	resi 136	resi 139
343	346	0.055313	0.716000	2	2	protein2	resi 343	resi 346
114	117	0.054860	0.859000	1	1	protein1	resi 114	resi 117
321	324	0.054860	0.859000	2	2	protein2	resi 321	resi 324
28	31	0.054557	0.908000	1	1	protein1	resi 28	resi 31
235	238	0.054557	0.908000	2	2	protein2	resi 235	resi 238
173	176	0.054043	0.867500	1	1	protein1	resi 173	resi 176
380	383	0.054043	0.867500	2	2	protein2	resi 380	resi 383
192	195	0.051501	0.753500	1	1	protein1	resi 192	resi 195
399	402	0.051501	0.753500	2	2	protein2	resi 399	resi 402
73	74	0.051440	0.568500	1	1	protein1	resi 73	resi 74
280	281	0.051440	0.568500	2	2	protein2	resi 280	resi 281
192	400	0.049912	0.634500	1	2	crosschain	resi 192	resi 400
193	399	0.049912	0.634500	1	2	crosschain	resi 193	resi 399
4	5	0.049625	0.930000	1	1	protein1	resi 4	resi 5
203	204	0.049625	0.760000	1	1	protein1	resi 203	resi 204
211	212	0.049625	0.930000	2	2	protein2	resi 211	resi 212
410	411	0.049625	0.760000	2	2	protein2	resi 410	resi 411
176	177	0.048505	0.890500	1	1	protein1	resi 176	resi 177
383	384	0.048505	0.890500	2	2	protein2	resi 383	resi 384
24	25	0.047567	0.900500	1	1	protein1	resi 24	resi 25
231	232	0.047567	0.900500	2	2	protein2	resi 231	resi 232
65	66	0.046841	0.449000	1	1	protein1	resi 65	resi 66
195	198	0.046841	0.709000	1	1	protein1	resi 195	resi 198
272	273	0.046841	0.449000	2	2	protein2	resi 272	resi 273
402	405	0.046841	0.709000	2	2	protein2	resi 402	resi 405
196	199	0.044693	0.655000	1	1	protein1	resi 196	resi 199
403	406	0.044693	0.655000	2	2	protein2	resi 403	resi 406
52	103	0.042605	0.657000	1	1	protein1	resi 52	resi 103
259	310	0.042605	0.657000	2	2	protein2	resi 259	resi 310
139	351	0.042136	0.645500	1	2	crosschain	resi 139	resi 351
144	346	0.042136	0.645500	1	2	crosschain	resi 144	resi 346
143	146	0.040487	0.757500	1	1	protein1	resi 143	resi 146
350	353	0.040487	0.757500	2	2	protein2	resi 350	resi 353
72	73	0.039427	0.590000	1	1	protein1	resi 72	resi 73
279	280	0.039427	0.590000	2	2	protein2	resi 279	resi 280
144	147	0.039095	0.743000	1	1	protein1	resi 144	resi 147
351	354	0.039095	0.743000	2	2	protein2	resi 351	resi 354
25	26	0.038822	0.892000	1	1	protein1	resi 25	resi 26
232	233	0.038822	0.892000	2	2	protein2	resi 232	resi 233
91	93	0.037491	0.649500	1	1	protein1	resi 91	resi 93
298	300	0.037491	0.649500	2	2	protein2	resi 298	resi 300
3	4	0.037309	0.938500	1	1	protein1	resi 3	resi 4
146	149	0.037309	0.795000	1	1	protein1	resi 146	resi 149
204	205	0.037309	0.897000	1	1	protein1	resi 204	resi 205
210	211	0.037309	0.938500	2	2	protein2	resi 210	resi 211
353	356	0.037309	0.795000	2	2	protein2	resi 353	resi 356
411	412	0.037309	0.897000	2	2	protein2	resi 411	resi 412
12	15	0.036281	0.895500	1	1	protein1	resi 12	resi 15
219	222	0.036281	0.895500	2	2	protein2	resi 219	resi 222
183	184	0.035796	0.883500	1	1	protein1	resi 183	resi 184
390	391	0.035796	0.883500	2	2	protein2	resi 390	resi 391
188	191	0.035418	0.713000	1	1	protein1	resi 188	resi 191
395	398	0.035418	0.713000	2	2	protein2	resi 395	resi 398
26	28	0.035312	0.901500	1	1	protein1	resi 26	resi 28
233	235	0.035312	0.901500	2	2	protein2	resi 233	resi 235
198	199	0.035252	0.794500	1	1	protein1	resi 198	resi 199
405	406	0.035252	0.794500	2	2	protein2	resi 405	resi 406
66	67	0.034949	0.635000	1	1	protein1	resi 66	resi 67
273	274	0.034949	0.635000	2	2	protein2	resi 273	resi 274
181	183	0.034344	0.680000	1	1	protein1	resi 181	resi 183
388	390	0.034344	0.680000	2	2	protein2	resi 388	resi 390
53	56	0.034041	0.803500	1	1	protein1	resi 53	resi 56
260	263	0.034041	0.803500	2	2	protein2	resi 260	resi 263
20	21	0.033981	0.938500	1	1	protein1	resi 20	resi 21
227	228	0.033981	0.938500	2	2	protein2	resi 227	resi 228
184	188	0.033860	0.676500	1	1	protein1	resi 184	resi 188
391	395	0.033860	0.676500	2	2	protein2	resi 391	resi 395
85	86	0.032347	0.888000	1	1	protein1	resi 85	resi 86
292	293	0.032347	0.888000	2	2	protein2	resi 292	resi 293
135	138	0.032044	0.722000	1	1	protein1	resi 135	resi 138
342	345	0.032044	0.722000	2	2	protein2	resi 342	resi 345
35	36	0.031530	0.950000	1	1	protein1	resi 35	resi 36
242	243	0.031530	0.950000	2	2	protein2	resi 242	resi 243
45	46	0.031318	0.851500	1	1	protein1	resi 45	resi 46
252	253	0.031318	0.851500	2	2	protein2	resi 252	resi 253
149	152	0.030925	0.840000	1	1	protein1	resi 149	resi 152
356	359	0.030925	0.840000	2	2	protein2	resi 356	resi 359
186	189	0.029684	0.714000	1	1	protein1	resi 186	resi 189
393	396	0.029684	0.714000	2	2	protein2	resi 393	resi 396
140	143	0.029624	0.754000	1	1	protein1	resi 140	resi 143
347	350	0.029624	0.754000	2	2	protein2	resi 347	resi 350
147	150	0.029200	0.825500	1	1	protein1	resi 147	resi 150
354	357	0.029200	0.825500	2	2	protein2	resi 354	resi 357
138	141	0.028504	0.783000	1	1	protein1	resi 138	resi 141
345	348	0.028504	0.783000	2	2	protein2	resi 345	resi 348
191	194	0.027748	0.775000	1	1	protein1	resi 191	resi 194
398	401	0.027748	0.775000	2	2	protein2	resi 398	resi 401
71	72	0.027415	0.680000	1	1	protein1	resi 71	resi 72
278	279	0.027415	0.680000	2	2	protein2	resi 278	resi 279
189	190	0.027294	0.823000	1	1	protein1	resi 189	resi 190
396	397	0.027294	0.823000	2	2	protein2	resi 396	resi 397
88	91	0.027052	0.775000	1	1	protein1	resi 88	resi 91
295	298	0.027052	0.775000	2	2	protein2	resi 295	resi 298
152	155	0.026446	0.836000	1	1	protein1	resi 152	resi 155
359	362	0.026446	0.836000	2	2	protein2	resi 359	resi 362
185	186	0.026023	0.842000	1	1	protein1	resi 185	resi 186
392	393	0.026023	0.842000	2	2	protein2	resi 392	resi 393
191	193	0.025932	0.762000	1	1	protein1	resi 191	resi 193
398	400	0.025932	0.762000	2	2	protein2	resi 398	resi 400
141	144	0.025599	0.763000	1	1	protein1	resi 141	resi 144
348	351	0.025599	0.763000	2	2	protein2	resi 348	resi 351
174	177	0.025418	0.854500	1	1	protein1	resi 174	resi 177
381	384	0.025418	0.854500	2	2	protein2	resi 381	resi 384
166	171	0.024964	0.706000	1	1	protein1	resi 166	resi 171
373	378	0.024964	0.706000	2	2	protein2	resi 373	resi 378
2	3	0.024933	0.860500	1	1	protein1	resi 2	resi 3
205	206	0.024933	0.930000	1	1	protein1	resi 205	resi 206
209	210	0.024933	0.860500	2	2	protein2	resi 209	resi 210
412	413	0.024933	0.930000	2	2	protein2	resi 412	resi 413
85	88	0.024631	0.825000	1	1	protein1	resi 85	resi 88
292	295	0.024631	0.825000	2	2	protein2	resi 292	resi 295
9	12	0.024328	0.854500	1	1	protein1	resi 9	resi 12
216	219	0.024328	0.854500	2	2	protein2	resi 216	resi 219
82	85	0.023965	0.767500	1	1	protein1	resi 82	resi 85
289	292	0.023965	0.767500	2	2	protein2	resi 289	resi 292
197	200	0.023678	0.678500	1	1	protein1	resi 197	resi 200
404	407	0.023678	0.678500	2	2	protein2	resi 404	resi 407
125	130	0.023632	0.726000	1	1	protein1	resi 125	resi 130
332	337	0.023632	0.726000	2	2	protein2	resi 332	resi 337
67	68	0.023420	0.708500	1	1	protein1	resi 67	resi 68
274	275	0.023420	0.708500	2	2	protein2	resi 274	resi 275
56	59	0.023088	0.696500	1	1	protein1	resi 56	resi 59
263	266	0.023088	0.696500	2	2	protein2	resi 263	resi 266
81	85	0.022573	0.777500	1	1	protein1	resi 81	resi 85
288	292	0.022573	0.777500	2	2	protein2	resi 288	resi 292
57	60	0.022452	0.758500	1	1	protein1	resi 57	resi 60
264	267	0.022452	0.758500	2	2	protein2	resi 264	resi 267
49	52	0.021968	0.823000	1	1	protein1	resi 49	resi 52
256	259	0.021968	0.823000	2	2	protein2	resi 256	resi 259
190	191	0.021665	0.850000	1	1	protein1	resi 190	resi 191
397	398	0.021665	0.850000	2	2	protein2	resi 397	resi 398
118	121	0.021242	0.861000	1	1	protein1	resi 118	resi 121
325	328	0.021242	0.861000	2	2	protein2	resi 325	resi 328
30	31	0.021030	0.963000	1	1	protein1	resi 30	resi 31
237	238	0.021030	0.963000	2	2	protein2	resi 237	resi 238
41	42	0.020667	0.929000	1	1	protein1	resi 41	resi 42
248	249	0.020667	0.929000	2	2	protein2	resi 248	resi 249
99	102	0.020576	0.804000	1	1	protein1	resi 99	resi 102
306	309	0.020576	0.804000	2	2	protein2	resi 306	resi 309
194	197	0.020334	0.742000	1	1	protein1	resi 194	resi 197
401	404	0.020334	0.742000	2	2	protein2	resi 401	resi 404
155	160	0.019729	0.712000	1	1	protein1	resi 155	resi 160
362	367	0.019729	0.712000	2	2	protein2	resi 362	resi 367
171	174	0.018972	0.742000	1	1	protein1	resi 171	resi 174
378	381	0.018972	0.742000	2	2	protein2	resi 378	resi 381
178	181	0.018942	0.815000	1	1	protein1	resi 178	resi 181
385	388	0.018942	0.815000	2	2	protein2	resi 385	resi 388
113	114	0.017974	0.910000	1	1	protein1	resi 113	resi 114
320	321	0.017974	0.910000	2	2	protein2	resi 320	resi 321
196	197	0.016839	0.805000	1	1	protein1	resi 196	resi 197
403	404	0.016839	0.805000	2	2	protein2	resi 403	resi 404
70	71	0.016431	0.892000	1	1	protein1	resi 70	resi 71
277	278	0.016431	0.892000	2	2	protein2	resi 277	resi 278
124	125	0.016189	0.912000	1	1	protein1	resi 124	resi 125
331	332	0.016189	0.912000	2	2	protein2	resi 331	resi 332
192	193	0.015477	0.862500	1	1	protein1	resi 192	resi 193
399	400	0.015477	0.862500	2	2	protein2	resi 399	resi 400
143	350	0.015341	0.558000	1	2	crosschain	resi 143	resi 350
16	20	0.014676	0.827500	1	1	protein1	resi 16	resi 20
223	227	0.014676	0.827500	2	2	protein2	resi 223	resi 227
68	69	0.014070	0.701500	1	1	protein1	resi 68	resi 69
275	276	0.014070	0.701500	2	2	protein2	resi 275	resi 276
131	132	0.013647	0.848000	1	1	protein1	resi 131	resi 132
338	339	0.013647	0.848000	2	2	protein2	resi 338	resi 339
158	160	0.013496	0.789000	1	1	protein1	resi 158	resi 160
365	367	0.013496	0.789000	2	2	protein2	resi 365	resi 367
150	153	0.013284	0.812000	1	1	protein1	resi 150	resi 153
357	360	0.013284	0.812000	2	2	protein2	resi 357	resi 360
150	151	0.013042	0.894000	1	1	protein1	resi 150	resi 151
357	358	0.013042	0.894000	2	2	protein2	resi 357	resi 358
130	131	0.012830	0.858500	1	1	protein1	resi 130	resi 131
337	338	0.012830	0.858500	2	2	protein2	resi 337	resi 338
121	125	0.012679	0.804000	1	1	protein1	resi 121	resi 125
328	332	0.012679	0.804000	2	2	protein2	resi 328	resi 332
162	164	0.012527	0.748500	1	1	protein1	resi 162	resi 164
369	371	0.012527	0.748500	2	2	protein2	resi 369	resi 371
1	2	0.012497	0.897500	1	1	protein1	resi 1	resi 2
206	207	0.012497	0.953000	1	1	protein1	resi 206	resi 207
208	209	0.012497	0.897500	2	2	protein2	resi 208	resi 209
413	414	0.012497	0.953000	2	2	protein2	resi 413	resi 414
110	113	0.012436	0.852500	1	1	protein1	resi 110	resi 113
317	320	0.012436	0.852500	2	2	protein2	resi 317	resi 320
29	30	0.012285	0.947000	1	1	protein1	resi 29	resi 30
236	237	0.012285	0.947000	2	2	protein2	resi 236	resi 237
6	9	0.012164	0.855500	1	1	protein1	resi 6	resi 9
213	216	0.012164	0.855500	2	2	protein2	resi 213	resi 216
83	86	0.012134	0.782000	1	1	protein1	resi 83	resi 86
290	293	0.012134	0.782000	2	2	protein2	resi 290	resi 293
79	82	0.012073	0.766000	1	1	protein1	resi 79	resi 82
286	289	0.012073	0.766000	2	2	protein2	resi 286	resi 289
76	78	0.012043	0.761500	1	1	protein1	resi 76	resi 78
283	285	0.012043	0.761500	2	2	protein2	resi 283	resi 285
77	78	0.011922	0.856500	1	1	protein1	resi 77	resi 78
284	285	0.011922	0.856500	2	2	protein2	resi 284	resi 285
80	81	0.011862	0.835000	1	1	protein1	resi 80	resi 81
287	288	0.011862	0.835000	2	2	protein2	resi 287	resi 288
53	55	0.011619	0.766500	1	1	protein1	resi 53	resi 55
260	262	0.011619	0.766500	2	2	protein2	resi 260	resi 262
175	178	0.011559	0.829500	1	1	protein1	resi 175	resi 178
382	385	0.011559	0.829500	2	2	protein2	resi 382	resi 385
60	63	0.011498	0.627500	1	1	protein1	resi 60	resi 63
267	270	0.011498	0.627500	2	2	protein2	resi 267	resi 270
92	93	0.011438	0.650500	1	1	protein1	resi 92	resi 93
299	300	0.011438	0.650500	2	2	protein2	resi 299	resi 300
7	8	0.011408	0.919500	1	1	protein1	resi 7	resi 8
214	215	0.011408	0.919500	2	2	protein2	resi 214	resi 215
15	16	0.011347	0.910000	1	1	protein1	resi 15	resi 16
222	223	0.011347	0.910000	2	2	protein2	resi 222	resi 223
21	22	0.011287	0.899000	1	1	protein1	resi 21	resi 22
21	23	0.011287	0.830500	1	1	protein1	resi 21	resi 23
59	62	0.011287	0.645000	1	1	protein1	resi 59	resi 62
228	229	0.011287	0.899000	2	2	protein2	resi 228	resi 229
228	230	0.011287	0.830500	2	2	protein2	resi 228	resi 230
266	269	0.011287	0.645000	2	2	protein2	resi 266	resi 269
90	91	0.011226	0.829000	1	1	protein1	resi 90	resi 91
297	298	0.011226	0.829000	2	2	protein2	resi 297	resi 298
10	11	0.011196	0.900000	1	1	protein1	resi 10	resi 11
217	218	0.011196	0.900000	2	2	protein2	resi 217	resi 218
17	18	0.011075	0.903000	1	1	protein1	resi 17	resi 18
224	225	0.011075	0.903000	2	2	protein2	resi 224	resi 225
13	15	0.011045	0.851500	1	1	protein1	resi 13	resi 15
220	222	0.011045	0.851500	2	2	protein2	resi 220	resi 222
16	18	0.011014	0.841000	1	1	protein1	resi 16	resi 18
223	225	0.011014	0.841000	2	2	protein2	resi 223	resi 225
171	172	0.010954	0.818500	1	1	protein1	resi 171	resi 172
378	379	0.010954	0.818500	2	2	protein2	resi 378	resi 379
51	52	0.010893	0.868500	1	1	protein1	resi 51	resi 52
258	259	0.010893	0.868500	2	2	protein2	resi 258	resi 259
26	29	0.010621	0.877500	1	1	protein1	resi 26	resi 29
27	28	0.010621	0.944000	1	1	protein1	resi 27	resi 28
233	236	0.010621	0.877500	2	2	protein2	resi 233	resi 236
234	235	0.010621	0.944000	2	2	protein2	resi 234	resi 235
34	35	0.010560	0.966000	1	1	protein1	resi 34	resi 35
48	49	0.010560	0.880500	1	1	protein1	resi 48	resi 49
241	242	0.010560	0.966000	2	2	protein2	resi 241	resi 242
255	256	0.010560	0.880500	2	2	protein2	resi 255	resi 256
137	140	0.010545	0.737500	1	1	protein1	resi 137	resi 140
344	347	0.010545	0.737500	2	2	protein2	resi 344	resi 347
31	32	0.010530	0.955500	1	1	protein1	resi 31	resi 32
238	239	0.010530	0.955500	2	2	protein2	resi 238	resi 239
33	35	0.010500	0.925000	1	1	protein1	resi 33	resi 35
240	242	0.010500	0.925000	2	2	protein2	resi 240	resi 242
44	45	0.010439	0.908000	1	1	protein1	resi 44	resi 45
251	252	0.010439	0.908000	2	2	protein2	resi 251	resi 252
43	45	0.010409	0.873000	1	1	protein1	resi 43	resi 45
250	252	0.010409	0.873000	2	2	protein2	resi 250	resi 252
88	89	0.010379	0.859500	1	1	protein1	resi 88	resi 89
295	296	0.010379	0.859500	2	2	protein2	resi 295	resi 296
40	41	0.010349	0.964000	1	1	protein1	resi 40	resi 41
247	248	0.010349	0.964000	2	2	protein2	resi 247	resi 248
168	169	0.010333	0.867000	1	1	protein1	resi 168	resi 169
375	376	0.010333	0.867000	2	2	protein2	resi 375	resi 376
170	171	0.010288	0.891500	1	1	protein1	resi 170	resi 171
377	378	0.010288	0.891500	2	2	protein2	resi 377	resi 378
169	170	0.010273	0.818000	1	1	protein1	resi 169	resi 170
376	377	0.010273	0.818000	2	2	protein2	resi 376	resi 377
96	99	0.010228	0.797000	1	1	protein1	resi 96	resi 99
190	193	0.010228	0.730500	1	1	protein1	resi 190	resi 193
303	306	0.010228	0.797000	2	2	protein2	resi 303	resi 306
397	400	0.010228	0.730500	2	2	protein2	resi 397	resi 400
167	168	0.010152	0.836000	1	1	protein1	resi 167	resi 168
374	375	0.010152	0.836000	2	2	protein2	resi 374	resi 375
144	145	0.009880	0.851500	1	1	protein1	resi 144	resi 145
351	352	0.009880	0.851500	2	2	protein2	resi 351	resi 352
139	350	0.009653	0.620000	1	2	crosschain	resi 139	resi 350
143	346	0.009653	0.620000	1	2	crosschain	resi 143	resi 346
134	137	0.009153	0.673500	1	1	protein1	resi 134	resi 137
341	344	0.009153	0.673500	2	2	protein2	resi 341	resi 344
125	126	0.009138	0.903500	1	1	protein1	resi 125	resi 126
332	333	0.009138	0.903500	2	2	protein2	resi 332	resi 333
111	114	0.008805	0.832500	1	1	protein1	resi 111	resi 114
318	321	0.008805	0.832500	2	2	protein2	resi 318	resi 321
131	134	0.008594	0.758000	1	1	protein1	resi 131	resi 134
338	341	0.008594	0.758000	2	2	protein2	resi 338	resi 341
144	146	0.008563	0.754500	1	1	protein1	resi 144	resi 146
351	353	0.008563	0.754500	2	2	protein2	resi 351	resi 353
89	91	0.008442	0.742500	1	1	protein1	resi 89	resi 91
296	298	0.008442	0.742500	2	2	protein2	resi 296	resi 298
123	124	0.008291	0.914500	1	1	protein1	resi 123	resi 124
330	331	0.008291	0.914500	2	2	protein2	resi 330	resi 331
114	115	0.008170	0.923000	1	1	protein1	resi 114	resi 115
321	322	0.008170	0.923000	2	2	protein2	resi 321	resi 322
119	122	0.008079	0.866500	1	1	protein1	resi 119	resi 122
128	131	0.008079	0.790500	1	1	protein1	resi 128	resi 131
326	329	0.008079	0.866500	2	2	protein2	resi 326	resi 329
335	338	0.008079	0.790500	2	2	protein2	resi 335	resi 338
116	119	0.008049	0.843000	1	1	protein1	resi 116	resi 119
129	132	0.008049	0.759000	1	1	protein1	resi 129	resi 132
323	326	0.008049	0.843000	2	2	protein2	resi 323	resi 326
336	339	0.008049	0.759000	2	2	protein2	resi 336	resi 339
127	130	0.008019	0.809000	1	1	protein1	resi 127	resi 130
334	337	0.008019	0.809000	2	2	protein2	resi 334	resi 337
126	130	0.007958	0.787000	1	1	protein1	resi 126	resi 130
333	337	0.007958	0.787000	2	2	protein2	resi 333	resi 337
120	121	0.007777	0.920500	1	1	protein1	resi 120	resi 121
120	122	0.007777	0.865500	1	1	protein1	resi 120	resi 122
154	159	0.007777	0.793000	1	1	protein1	resi 154	resi 159
327	328	0.007777	0.920500	2	2	protein2	resi 327	resi 328
327	329	0.007777	0.865500	2	2	protein2	resi 327	resi 329
361	366	0.007777	0.793000	2	2	protein2	resi 361	resi 366
179	181	0.007595	0.826000	1	1	protein1	resi 179	resi 181
180	181	0.007595	0.851500	1	1	protein1	resi 180	resi 181
386	388	0.007595	0.826000	2	2	protein2	resi 386	resi 388
387	388	0.007595	0.851500	2	2	protein2	resi 387	resi 388
29	32	0.007232	0.932000	1	1	protein1	resi 29	resi 32
236	239	0.007232	0.932000	2	2	protein2	resi 236	resi 239
154	157	0.006990	0.822500	1	1	protein1	resi 154	resi 157
361	364	0.006990	0.822500	2	2	protein2	resi 361	resi 364
154	158	0.006869	0.809000	1	1	protein1	resi 154	resi 158
361	365	0.006869	0.809000	2	2	protein2	resi 361	resi 365
109	110	0.006596	0.910500	1	1	protein1	resi 109	resi 110
316	317	0.006596	0.910500	2	2	protein2	resi 316	resi 317
165	166	0.006475	0.922000	1	1	protein1	resi 165	resi 166
372	373	0.006475	0.922000	2	2	protein2	resi 372	resi 373
200	201	0.006430	0.851000	1	1	protein1	resi 200	resi 201
407	408	0.006430	0.851000	2	2	protein2	resi 407	resi 408
153	156	0.006324	0.839000	1	1	protein1	resi 153	resi 156
360	363	0.006324	0.839000	2	2	protein2	resi 360	resi 363
164	165	0.005991	0.764000	1	1	protein1	resi 164	resi 165
371	372	0.005991	0.764000	2	2	protein2	resi 371	resi 372
198	201	0.005885	0.660000	1	1	protein1	resi 198	resi 201
405	408	0.005885	0.660000	2	2	protein2	resi 405	resi 408
164	166	0.005870	0.709000	1	1	protein1	resi 164	resi 166
371	373	0.005870	0.709000	2	2	protein2	resi 371	resi 373
37	40	0.005810	0.895500	1	1	protein1	resi 37	resi 40
244	247	0.005810	0.895500	2	2	protein2	resi 244	resi 247
193	196	0.005719	0.735500	1	1	protein1	resi 193	resi 196
400	403	0.005719	0.735500	2	2	protein2	resi 400	resi 403
187	190	0.005704	0.687500	1	1	protein1	resi 187	resi 190
394	397	0.005704	0.687500	2	2	protein2	resi 394	resi 397
69	70	0.005507	0.731000	1	1	protein1	resi 69	resi 70
276	277	0.005507	0.731000	2	2	protein2	resi 276	resi 277
193	194	0.005477	0.861000	1	1	protein1	resi 193	resi 194
400	401	0.005477	0.861000	2	2	protein2	resi 400	resi 401
196	198	0.005371	0.658000	1	1	protein1	resi 196	resi 198
403	405	0.005371	0.658000	2	2	protein2	resi 403	resi 405
188	189	0.005356	0.807000	1	1	protein1	resi 188	resi 189
395	396	0.005356	0.807000	2	2	protein2	resi 395	resi 396
195	196	0.005280	0.833000	1	1	protein1	resi 195	resi 196
402	403	0.005280	0.833000	2	2	protein2	resi 402	resi 403
200	202	0.005265	0.660000	1	1	protein1	resi 200	resi 202
407	409	0.005265	0.660000	2	2	protein2	resi 407	resi 409
63	64	0.005205	0.717000	1	1	protein1	resi 63	resi 64
63	89	0.005205	0.325500	1	1	protein1	resi 63	resi 89
270	271	0.005205	0.717000	2	2	protein2	resi 270	resi 271
270	296	0.005205	0.325500	2	2	protein2	resi 270	resi 296
172	175	0.005053	0.800000	1	1	protein1	resi 172	resi 175
379	382	0.005053	0.800000	2	2	protein2	resi 379	resi 382
140	141	0.004932	0.865500	1	1	protein1	resi 140	resi 141
184	187	0.004932	0.724000	1	1	protein1	resi 184	resi 187
347	348	0.004932	0.865500	2	2	protein2	resi 347	resi 348
391	394	0.004932	0.724000	2	2	protein2	resi 391	resi 394
142	143	0.004917	0.854000	1	1	protein1	resi 142	resi 143
349	350	0.004917	0.854000	2	2	protein2	resi 349	resi 350
177	178	0.004751	0.899500	1	1	protein1	resi 177	resi 178
384	385	0.004751	0.899500	2	2	protein2	resi 384	resi 385
138	140	0.004736	0.769000	1	1	protein1	resi 138	resi 140
345	347	0.004736	0.769000	2	2	protein2	resi 345	resi 347
159	160	0.004599	0.885500	1	1	protein1	resi 159	resi 160
366	367	0.004599	0.885500	2	2	protein2	resi 366	resi 367
157	158	0.004569	0.891000	1	1	protein1	resi 157	resi 158
364	365	0.004569	0.891000	2	2	protein2	resi 364	resi 365
156	158	0.004478	0.815000	1	1	protein1	resi 156	resi 158
363	365	0.004478	0.815000	2	2	protein2	resi 363	resi 365
126	127	0.004418	0.863000	1	1	protein1	resi 126	resi 127
333	334	0.004418	0.863000	2	2	protein2	resi 333	resi 334
153	154	0.004388	0.877500	1	1	protein1	resi 153	resi 154
360	361	0.004388	0.877500	2	2	protein2	resi 360	resi 361
121	124	0.004297	0.817000	1	1	protein1	resi 121	resi 124
328	331	0.004297	0.817000	2	2	protein2	resi 328	resi 331
139	141	0.004267	0.792500	1	1	protein1	resi 139	resi 141
346	348	0.004267	0.792500	2	2	protein2	resi 346	resi 348
128	130	0.004176	0.761000	1	1	protein1	resi 128	resi 130
129	130	0.004176	0.855500	1	1	protein1	resi 129	resi 130
173	174	0.004176	0.879000	1	1	protein1	resi 173	resi 174
335	337	0.004176	0.761000	2	2	protein2	resi 335	resi 337
336	337	0.004176	0.855500	2	2	protein2	resi 336	resi 337
380	381	0.004176	0.879000	2	2	protein2	resi 380	resi 381
173	175	0.004085	0.826500	1	1	protein1	resi 173	resi 175
380	382	0.004085	0.826500	2	2	protein2	resi 380	resi 382
176	179	0.004055	0.822500	1	1	protein1	resi 176	resi 179
176	180	0.004055	0.774000	1	1	protein1	resi 176	resi 180
383	386	0.004055	0.822500	2	2	protein2	resi 383	resi 386
383	387	0.004055	0.774000	2	2	protein2	resi 383	resi 387
40	43	0.003903	0.891500	1	1	protein1	resi 40	resi 43
247	250	0.003903	0.891500	2	2	protein2	resi 247	resi 250
122	123	0.003813	0.911500	1	1	protein1	resi 122	resi 123
329	330	0.003813	0.911500	2	2	protein2	resi 329	resi 330
32	33	0.003692	0.954000	1	1	protein1	resi 32	resi 33
239	240	0.003692	0.954000	2	2	protein2	resi 239	resi 240
135	136	0.003540	0.820500	1	1	protein1	resi 135	resi 136
342	343	0.003540	0.820500	2	2	protein2	resi 342	resi 343
63	85	0.003389	0.305000	1	1	protein1	resi 63	resi 85
270	292	0.003389	0.305000	2	2	protein2	resi 270	resi 292
115	116	0.003359	0.922500	1	1	protein1	resi 115	resi 116
322	323	0.003359	0.922500	2	2	protein2	resi 322	resi 323
109	111	0.003298	0.852500	1	1	protein1	resi 109	resi 111
316	318	0.003298	0.852500	2	2	protein2	resi 316	resi 318
13	16	0.003026	0.865500	1	1	protein1	resi 13	resi 16
196	403	0.003026	0.648000	1	2	crosschain	resi 196	resi 403
220	223	0.003026	0.865500	2	2	protein2	resi 220	resi 223
191	192	0.002950	0.861500	1	1	protein1	resi 191	resi 192
398	399	0.002950	0.861500	2	2	protein2	resi 398	resi 399
97	98	0.002754	0.913000	1	1	protein1	resi 97	resi 98
304	305	0.002754	0.913000	2	2	protein2	resi 304	resi 305
187	188	0.002617	0.872500	1	1	protein1	resi 187	resi 188
394	395	0.002617	0.872500	2	2	protein2	resi 394	resi 395
169	172	0.002481	0.797500	1	1	protein1	resi 169	resi 172
376	379	0.002481	0.797500	2	2	protein2	resi 376	resi 379
59	89	0.002421	0.256500	1	1	protein1	resi 59	resi 89
266	296	0.002421	0.256500	2	2	protein2	resi 266	resi 296
131	133	0.002360	0.750000	1	1	protein1	resi 131	resi 133
338	340	0.002360	0.750000	2	2	protein2	resi 338	resi 340
47	49	0.002239	0.808000	1	1	protein1	resi 47	resi 49
254	256	0.002239	0.808000	2	2	protein2	resi 254	resi 256
149	151	0.002179	0.812000	1	1	protein1	resi 149	resi 151
356	358	0.002179	0.812000	2	2	protein2	resi 356	resi 358
167	171	0.002148	0.732000	1	1	protein1	resi 167	resi 171
374	378	0.002148	0.732000	2	2	protein2	resi 374	resi 378
38	41	0.002058	0.913500	1	1	protein1	resi 38	resi 41
245	248	0.002058	0.913500	2	2	protein2	resi 245	resi 248
10	13	0.002027	0.807500	1	1	protein1	resi 10	resi 13
217	220	0.002027	0.807500	2	2	protein2	resi 217	resi 220
43	44	0.001997	0.935000	1	1	protein1	resi 43	resi 44
98	99	0.001997	0.888500	1	1	protein1	resi 98	resi 99
168	171	0.001997	0.766500	1	1	protein1	resi 168	resi 171
250	251	0.001997	0.935000	2	2	protein2	resi 250	resi 251
305	306	0.001997	0.888500	2	2	protein2	resi 305	resi 306
375	378	0.001997	0.766500	2	2	protein2	resi 375	resi 378
42	45	0.001846	0.868000	1	1	protein1	resi 42	resi 45
249	252	0.001846	0.868000	2	2	protein2	resi 249	resi 252
26	27	0.001816	0.922500	1	1	protein1	resi 26	resi 27
33	34	0.001816	0.941000	1	1	protein1	resi 33	resi 34
233	234	0.001816	0.922500	2	2	protein2	resi 233	resi 234
240	241	0.001816	0.941000	2	2	protein2	resi 240	resi 241
32	35	0.001785	0.921500	1	1	protein1	resi 32	resi 35
84	85	0.001785	0.873500	1	1	protein1	resi 84	resi 85
239	242	0.001785	0.921500	2	2	protein2	resi 239	resi 242
291	292	0.001785	0.873500	2	2	protein2	resi 291	resi 292
134	135	0.001679	0.795000	1	1	protein1	resi 134	resi 135
341	342	0.001679	0.795000	2	2	protein2	resi 341	resi 342
155	156	0.001634	0.897500	1	1	protein1	resi 155	resi 156
362	363	0.001634	0.897500	2	2	protein2	resi 362	resi 363
183	186	0.001604	0.706000	1	1	protein1	resi 183	resi 186
390	393	0.001604	0.706000	2	2	protein2	resi 390	resi 393
95	96	0.001573	0.888500	1	1	protein1	resi 95	resi 96
302	303	0.001573	0.888500	2	2	protein2	resi 302	resi 303
136	137	0.001543	0.806000	1	1	protein1	resi 136	resi 137
171	173	0.001543	0.705500	1	1	protein1	resi 171	resi 173
343	344	0.001543	0.806000	2	2	protein2	resi 343	resi 344
378	380	0.001543	0.705500	2	2	protein2	resi 378	resi 380
195	403	0.001468	0.656000	1	2	crosschain	resi 195	resi 403
196	402	0.001468	0.656000	1	2	crosschain	resi 196	resi 402
87	88	0.001452	0.870000	1	1	protein1	resi 87	resi 88
294	295	0.001452	0.870000	2	2	protein2	resi 294	resi 295
47	48	0.001422	0.892000	1	1	protein1	resi 47	resi 48
254	255	0.001422	0.892000	2	2	protein2	resi 254	resi 255
95	97	0.001362	0.817500	1	1	protein1	resi 95	resi 97
302	304	0.001362	0.817500	2	2	protein2	resi 302	resi 304
141	142	0.001331	0.883000	1	1	protein1	resi 141	resi 142
348	349	0.001331	0.883000	2	2	protein2	resi 348	resi 349
136	138	0.001301	0.710000	1	1	protein1	resi 136	resi 138
185	188	0.001301	0.675500	1	1	protein1	resi 185	resi 188
343	345	0.001301	0.710000	2	2	protein2	resi 343	resi 345
392	395	0.001301	0.675500	2	2	protein2	resi 392	resi 395
55	58	0.001241	0.724000	1	1	protein1	resi 55	resi 58
262	265	0.001241	0.724000	2	2	protein2	resi 262	resi 265
7	10	0.001210	0.900000	1	1	protein1	resi 7	resi 10
134	136	0.001210	0.656000	1	1	protein1	resi 134	resi 136
194	195	0.001210	0.853000	1	1	protein1	resi 194	resi 195
214	217	0.001210	0.900000	2	2	protein2	resi 214	resi 217
341	343	0.001210	0.656000	2	2	protein2	resi 341	resi 343
401	402	0.001210	0.853000	2	2	protein2	resi 401	resi 402
23	24	0.001180	0.895000	1	1	protein1	resi 23	resi 24
230	231	0.001180	0.895000	2	2	protein2	resi 230	resi 231
22	25	0.001150	0.789000	1	1	protein1	resi 22	resi 25
98	100	0.001150	0.783500	1	1	protein1	resi 98	resi 100
229	232	0.001150	0.789000	2	2	protein2	resi 229	resi 232
305	307	0.001150	0.783500	2	2	protein2	resi 305	resi 307
51	54	0.001120	0.793500	1	1	protein1	resi 51	resi 54
114	116	0.001120	0.857500	1	1	protein1	resi 114	resi 116
258	261	0.001120	0.793500	2	2	protein2	resi 258	resi 261
321	323	0.001120	0.857500	2	2	protein2	resi 321	resi 323
142	350	0.001044	0.559000	1	2	crosschain	resi 142	resi 350
143	349	0.001044	0.559000	1	2	crosschain	resi 143	resi 349
155	158	0.000999	0.848500	1	1	protein1	resi 155	resi 158
362	365	0.000999	0.848500	2	2	protein2	resi 362	resi 365
50	51	0.000968	0.886000	1	1	protein1	resi 50	resi 51
89	92	0.000968	0.740500	1	1	protein1	resi 89	resi 92
152	153	0.000968	0.889000	1	1	protein1	resi 152	resi 153
257	258	0.000968	0.886000	2	2	protein2	resi 257	resi 258
296	299	0.000968	0.740500	2	2	protein2	resi 296	resi 299
359	360	0.000968	0.889000	2	2	protein2	resi 359	resi 360
58	59	0.000938	0.829500	1	1	protein1	resi 58	resi 59
90	96	0.000938	0.513000	1	1	protein1	resi 90	resi 96
265	266	0.000938	0.829500	2	2	protein2	resi 265	resi 266
297	303	0.000938	0.513000	2	2	protein2	resi 297	resi 303
120	123	0.000908	0.850500	1	1	protein1	resi 120	resi 123
327	330	0.000908	0.850500	2	2	protein2	resi 327	resi 330
21	24	0.000878	0.849500	1	1	protein1	resi 21	resi 24
155	157	0.000878	0.806500	1	1	protein1	resi 155	resi 157
197	198	0.000878	0.815500	1	1	protein1	resi 197	resi 198
228	231	0.000878	0.849500	2	2	protein2	resi 228	resi 231
362	364	0.000878	0.806500	2	2	protein2	resi 362	resi 364
404	405	0.000878	0.815500	2	2	protein2	resi 404	resi 405
194	196	0.000847	0.734000	1	1	protein1	resi 194	resi 196
401	403	0.000847	0.734000	2	2	protein2	resi 401	resi 403
138	139	0.000832	0.848500	1	1	protein1	resi 138	resi 139
345	346	0.000832	0.848500	2	2	protein2	resi 345	resi 346
17	20	0.000817	0.823000	1	1	protein1	resi 17	resi 20
149	150	0.000817	0.895500	1	1	protein1	resi 149	resi 150
224	227	0.000817	0.823000	2	2	protein2	resi 224	resi 227
356	357	0.000817	0.895500	2	2	protein2	resi 356	resi 357
77	80	0.000787	0.798500	1	1	protein1	resi 77	resi 80
197	199	0.000787	0.652000	1	1	protein1	resi 197	resi 199
284	287	0.000787	0.798500	2	2	protein2	resi 284	resi 287
404	406	0.000787	0.652000	2	2	protein2	resi 404	resi 406
177	179	0.000756	0.848500	1	1	protein1	resi 177	resi 179
177	180	0.000756	0.810000	1	1	protein1	resi 177	resi 180
384	386	0.000756	0.848500	2	2	protein2	resi 384	resi 386
384	387	0.000756	0.810000	2	2	protein2	resi 384	resi 387
74	77	0.000726	0.714500	1	1	protein1	resi 74	resi 77
80	83	0.000726	0.763000	1	1	protein1	resi 80	resi 83
137	139	0.000726	0.727500	1	1	protein1	resi 137	resi 139
281	284	0.000726	0.714500	2	2	protein2	resi 281	resi 284
287	290	0.000726	0.763000	2	2	protein2	resi 287	resi 290
344	346	0.000726	0.727500	2	2	protein2	resi 344	resi 346
52	55	0.000696	0.748000	1	1	protein1	resi 52	resi 55
62	63	0.000696	0.763000	1	1	protein1	resi 62	resi 63
146	148	0.000696	0.776000	1	1	protein1	resi 146	resi 148
259	262	0.000696	0.748000	2	2	protein2	resi 259	resi 262
269	270	0.000696	0.763000	2	2	protein2	resi 269	resi 270
353	355	0.000696	0.776000	2	2	protein2	resi 353	resi 355
61	63	0.000666	0.582500	1	1	protein1	resi 61	resi 63
268	270	0.000666	0.582500	2	2	protein2	resi 268	resi 270
146	147	0.000635	0.853000	1	1	protein1	resi 146	resi 147
353	354	0.000635	0.853000	2	2	protein2	resi 353	resi 354
184	185	0.000575	0.816000	1	1	protein1	resi 184	resi 185
186	187	0.000575	0.786500	1	1	protein1	resi 186	resi 187
391	392	0.000575	0.816000	2	2	protein2	resi 391	resi 392
393	394	0.000575	0.786500	2	2	protein2	resi 393	resi 394
48	51	0.000514	0.809500	1	1	protein1	resi 48	resi 51
183	185	0.000514	0.743000	1	1	protein1	resi 183	resi 185
255	258	0.000514	0.809500	2	2	protein2	resi 255	resi 258
390	392	0.000514	0.743000	2	2	protein2	resi 390	resi 392
190	192	0.000499	0.745000	1	1	protein1	resi 190	resi 192
397	399	0.000499	0.745000	2	2	protein2	resi 397	resi 399
11	12	0.000484	0.905500	1	1	protein1	resi 11	resi 12
172	173	0.000484	0.855000	1	1	protein1	resi 172	resi 173
218	219	0.000484	0.905500	2	2	protein2	resi 218	resi 219
379	380	0.000484	0.855000	2	2	protein2	resi 379	resi 380
140	142	0.000454	0.782000	1	1	protein1	resi 140	resi 142
347	349	0.000454	0.782000	2	2	protein2	resi 347	resi 349
56	57	0.000393	0.829000	1	1	protein1	resi 56	resi 57
81	82	0.000393	0.849500	1	1	protein1	resi 81	resi 82
87	89	0.000393	0.774000	1	1	protein1	resi 87	resi 89
111	112	0.000393	0.919000	1	1	protein1	resi 111	resi 112
132	133	0.000393	0.867000	1	1	protein1	resi 132	resi 133
263	264	0.000393	0.829000	2	2	protein2	resi 263	resi 264
288	289	0.000393	0.849500	2	2	protein2	resi 288	resi 289
294	296	0.000393	0.774000	2	2	protein2	resi 294	resi 296
318	319	0.000393	0.919000	2	2	protein2	resi 318	resi 319
339	340	0.000393	0.867000	2	2	protein2	resi 339	resi 340
120	125	0.000363	0.782000	1	1	protein1	resi 120	resi 125
132	134	0.000363	0.750500	1	1	protein1	resi 132	resi 134
143	144	0.000363	0.846000	1	1	protein1	resi 143	resi 144
327	332	0.000363	0.782000	2	2	protein2	resi 327	resi 332
339	341	0.000363	0.750500	2	2	protein2	resi 339	resi 341
350	351	0.000363	0.846000	2	2	protein2	resi 350	resi 351
14	17	0.000333	0.814000	1	1	protein1	resi 14	resi 17
140	347	0.000333	0.644000	1	2	crosschain	resi 140	resi 347
141	143	0.000333	0.786000	1	1	protein1	resi 141	resi 143
221	224	0.000333	0.814000	2	2	protein2	resi 221	resi 224
348	350	0.000333	0.786000	2	2	protein2	resi 348	resi 350
5	7	0.000303	0.896000	1	1	protein1	resi 5	resi 7
12	13	0.000303	0.929500	1	1	protein1	resi 12	resi 13
57	59	0.000303	0.706500	1	1	protein1	resi 57	resi 59
60	61	0.000303	0.796500	1	1	protein1	resi 60	resi 61
78	79	0.000303	0.866500	1	1	protein1	resi 78	resi 79
212	214	0.000303	0.896000	2	2	protein2	resi 212	resi 214
219	220	0.000303	0.929500	2	2	protein2	resi 219	resi 220
264	266	0.000303	0.706500	2	2	protein2	resi 264	resi 266
267	268	0.000303	0.796500	2	2	protein2	resi 267	resi 268
285	286	0.000303	0.866500	2	2	protein2	resi 285	resi 286
49	50	0.000272	0.873000	1	1	protein1	resi 49	resi 50
59	60	0.000272	0.808500	1	1	protein1	resi 59	resi 60
59	61	0.000272	0.654500	1	1	protein1	resi 59	resi 61
61	62	0.000272	0.758000	1	1	protein1	resi 61	resi 62
74	76	0.000272	0.704000	1	1	protein1	resi 74	resi 76
256	257	0.000272	0.873000	2	2	protein2	resi 256	resi 257
266	267	0.000272	0.808500	2	2	protein2	resi 266	resi 267
266	268	0.000272	0.654500	2	2	protein2	resi 266	resi 268
268	269	0.000272	0.758000	2	2	protein2	resi 268	resi 269
281	283	0.000272	0.704000	2	2	protein2	resi 281	resi 283
8	9	0.000242	0.924500	1	1	protein1	resi 8	resi 9
62	64	0.000242	0.549000	1	1	protein1	resi 62	resi 64
83	85	0.000242	0.734000	1	1	protein1	resi 83	resi 85
113	116	0.000242	0.825000	1	1	protein1	resi 113	resi 116
148	149	0.000242	0.887500	1	1	protein1	resi 148	resi 149
215	216	0.000242	0.924500	2	2	protein2	resi 215	resi 216
269	271	0.000242	0.549000	2	2	protein2	resi 269	resi 271
290	292	0.000242	0.734000	2	2	protein2	resi 290	resi 292
320	323	0.000242	0.825000	2	2	protein2	resi 320	resi 323
355	356	0.000242	0.887500	2	2	protein2	resi 355	resi 356
52	53	0.000212	0.834000	1	1	protein1	resi 52	resi 53
259	260	0.000212	0.834000	2	2	protein2	resi 259	resi 260
6	7	0.000182	0.919000	1	1	protein1	resi 6	resi 7
126	128	0.000182	0.707500	1	1	protein1	resi 126	resi 128
126	129	0.000182	0.761000	1	1	protein1	resi 126	resi 129
201	202	0.000182	0.734500	1	1	protein1	resi 201	resi 202
213	214	0.000182	0.919000	2	2	protein2	resi 213	resi 214
333	335	0.000182	0.707500	2	2	protein2	resi 333	resi 335
333	336	0.000182	0.761000	2	2	protein2	resi 333	resi 336
408	409	0.000182	0.734500	2	2	protein2	resi 408	resi 409
5	6	0.000151	0.941500	1	1	protein1	resi 5	resi 6
16	17	0.000151	0.918500	1	1	protein1	resi 16	resi 17
28	29	0.000151	0.946500	1	1	protein1	resi 28	resi 29
42	43	0.000151	0.926000	1	1	protein1	resi 42	resi 43
49	51	0.000151	0.786500	1	1	protein1	resi 49	resi 51
84	86	0.000151	0.789000	1	1	protein1	resi 84	resi 86
117	118	0.000151	0.922000	1	1	protein1	resi 117	resi 118
137	138	0.000151	0.831000	1	1	protein1	resi 137	resi 138
148	150	0.000151	0.818000	1	1	protein1	resi 148	resi 150
186	188	0.000151	0.739000	1	1	protein1	resi 186	resi 188
212	213	0.000151	0.941500	2	2	protein2	resi 212	resi 213
223	224	0.000151	0.918500	2	2	protein2	resi 223	resi 224
235	236	0.000151	0.946500	2	2	protein2	resi 235	resi 236
249	250	0.000151	0.926000	2	2	protein2	resi 249	resi 250
256	258	0.000151	0.786500	2	2	protein2	resi 256	resi 258
291	293	0.000151	0.789000	2	2	protein2	resi 291	resi 293
324	325	0.000151	0.922000	2	2	protein2	resi 324	resi 325
344	345	0.000151	0.831000	2	2	protein2	resi 344	resi 345
355	357	0.000151	0.818000	2	2	protein2	resi 355	resi 357
393	395	0.000151	0.739000	2	2	protein2	resi 393	resi 395
16	19	0.000121	0.880000	1	1	protein1	resi 16	resi 19
31	34	0.000121	0.893500	1	1	protein1	resi 31	resi 34
31	35	0.000121	0.915000	1	1	protein1	resi 31	resi 35
150	152	0.000121	0.807000	1	1	protein1	resi 150	resi 152
158	159	0.000121	0.875000	1	1	protein1	resi 158	resi 159
178	179	0.000121	0.908000	1	1	protein1	resi 178	resi 179
193	400	0.000121	0.625000	1	2	crosschain	resi 193	resi 400
223	226	0.000121	0.880000	2	2	protein2	resi 223	resi 226
238	241	0.000121	0.893500	2	2	protein2	resi 238	resi 241
238	242	0.000121	0.915000	2	2	protein2	resi 238	resi 242
357	359	0.000121	0.807000	2	2	protein2	resi 357	resi 359
365	366	0.000121	0.875000	2	2	protein2	resi 365	resi 366
385	386	0.000121	0.908000	2	2	protein2	resi 385	resi 386
17	21	0.000091	0.797000	1	1	protein1	resi 17	resi 21
54	55	0.000091	0.875000	1	1	protein1	resi 54	resi 55
55	57	0.000091	0.702500	1	1	protein1	resi 55	resi 57
76	77	0.000091	0.856500	1	1	protein1	resi 76	resi 77
81	83	0.000091	0.757500	1	1	protein1	resi 81	resi 83
85	87	0.000091	0.794500	1	1	protein1	resi 85	resi 87
93	96	0.000091	0.674000	1	1	protein1	resi 93	resi 96
133	134	0.000091	0.820000	1	1	protein1	resi 133	resi 134
135	137	0.000091	0.693000	1	1	protein1	resi 135	resi 137
179	180	0.000091	0.923000	1	1	protein1	resi 179	resi 180
182	183	0.000091	0.803500	1	1	protein1	resi 182	resi 183
192	194	0.000091	0.760500	1	1	protein1	resi 192	resi 194
199	200	0.000091	0.808500	1	1	protein1	resi 199	resi 200
224	228	0.000091	0.797000	2	2	protein2	resi 224	resi 228
261	262	0.000091	0.875000	2	2	protein2	resi 261	resi 262
262	264	0.000091	0.702500	2	2	protein2	resi 262	resi 264
283	284	0.000091	0.856500	2	2	protein2	resi 283	resi 284
288	290	0.000091	0.757500	2	2	protein2	resi 288	resi 290
292	294	0.000091	0.794500	2	2	protein2	resi 292	resi 294
300	303	0.000091	0.674000	2	2	protein2	resi 300	resi 303
340	341	0.000091	0.820000	2	2	protein2	resi 340	resi 341
342	344	0.000091	0.693000	2	2	protein2	resi 342	resi 344
386	387	0.000091	0.923000	2	2	protein2	resi 386	resi 387
389	390	0.000091	0.803500	2	2	protein2	resi 389	resi 390
399	401	0.000091	0.760500	2	2	protein2	resi 399	resi 401
406	407	0.000091	0.808500	2	2	protein2	resi 406	resi 407
12	14	0.000061	0.885000	1	1	protein1	resi 12	resi 14
27	30	0.000061	0.885000	1	1	protein1	resi 27	resi 30
30	33	0.000061	0.912500	1	1	protein1	resi 30	resi 33
39	40	0.000061	0.942500	1	1	protein1	resi 39	resi 40
41	44	0.000061	0.854500	1	1	protein1	resi 41	resi 44
51	53	0.000061	0.766000	1	1	protein1	resi 51	resi 53
58	60	0.000061	0.701500	1	1	protein1	resi 58	resi 60
76	79	0.000061	0.773000	1	1	protein1	resi 76	resi 79
78	80	0.000061	0.746500	1	1	protein1	resi 78	resi 80
79	81	0.000061	0.714500	1	1	protein1	resi 79	resi 81
82	83	0.000061	0.845000	1	1	protein1	resi 82	resi 83
86	87	0.000061	0.866000	1	1	protein1	resi 86	resi 87
86	88	0.000061	0.785500	1	1	protein1	resi 86	resi 88
91	92	0.000061	0.823500	1	1	protein1	resi 91	resi 92
96	98	0.000061	0.812500	1	1	protein1	resi 96	resi 98
99	100	0.000061	0.870000	1	1	protein1	resi 99	resi 100
110	111	0.000061	0.895500	1	1	protein1	resi 110	resi 111
112	113	0.000061	0.901500	1	1	protein1	resi 112	resi 113
116	118	0.000061	0.851500	1	1	protein1	resi 116	resi 118
142	144	0.000061	0.758000	1	1	protein1	resi 142	resi 144
152	154	0.000061	0.796000	1	1	protein1	resi 152	resi 154
154	155	0.000061	0.875000	1	1	protein1	resi 154	resi 155
154	156	0.000061	0.787500	1	1	protein1	resi 154	resi 156
156	157	0.000061	0.893000	1	1	protein1	resi 156	resi 157
174	175	0.000061	0.879000	1	1	protein1	resi 174	resi 175
175	176	0.000061	0.889500	1	1	protein1	resi 175	resi 176
195	197	0.000061	0.708000	1	1	protein1	resi 195	resi 197
219	221	0.000061	0.885000	2	2	protein2	resi 219	resi 221
234	237	0.000061	0.885000	2	2	protein2	resi 234	resi 237
237	240	0.000061	0.912500	2	2	protein2	resi 237	resi 240
246	247	0.000061	0.942500	2	2	protein2	resi 246	resi 247
248	251	0.000061	0.854500	2	2	protein2	resi 248	resi 251
258	260	0.000061	0.766000	2	2	protein2	resi 258	resi 260
265	267	0.000061	0.701500	2	2	protein2	resi 265	resi 267
283	286	0.000061	0.773000	2	2	protein2	resi 283	resi 286
285	287	0.000061	0.746500	2	2	protein2	resi 285	resi 287
286	288	0.000061	0.714500	2	2	protein2	resi 286	resi 288
289	290	0.000061	0.845000	2	2	protein2	resi 289	resi 290
293	294	0.000061	0.866000	2	2	protein2	resi 293	resi 294
293	295	0.000061	0.785500	2	2	protein2	resi 293	resi 295
298	299	0.000061	0.823500	2	2	protein2	resi 298	resi 299
303	305	0.000061	0.812500	2	2	protein2	resi 303	resi 305
306	307	0.000061	0.870000	2	2	protein2	resi 306	resi 307
317	318	0.000061	0.895500	2	2	protein2	resi 317	resi 318
319	320	0.000061	0.901500	2	2	protein2	resi 319	resi 320
323	325	0.000061	0.851500	2	2	protein2	resi 323	resi 325
349	351	0.000061	0.758000	2	2	protein2	resi 349	resi 351
359	361	0.000061	0.796000	2	2	protein2	resi 359	resi 361
361	362	0.000061	0.875000	2	2	protein2	resi 361	resi 362
361	363	0.000061	0.787500	2	2	protein2	resi 361	resi 363
363	364	0.000061	0.893000	2	2	protein2	resi 363	resi 364
381	382	0.000061	0.879000	2	2	protein2	resi 381	resi 382
382	383	0.000061	0.889500	2	2	protein2	resi 382	resi 383
402	404	0.000061	0.708000	2	2	protein2	resi 402	resi 404
8	10	0.000030	0.887500	1	1	protein1	resi 8	resi 10
9	10	0.000030	0.922500	1	1	protein1	resi 9	resi 10
13	14	0.000030	0.901000	1	1	protein1	resi 13	resi 14
17	19	0.000030	0.869500	1	1	protein1	resi 17	resi 19
22	23	0.000030	0.898500	1	1	protein1	resi 22	resi 23
22	24	0.000030	0.815500	1	1	protein1	resi 22	resi 24
28	30	0.000030	0.910000	1	1	protein1	resi 28	resi 30
30	32	0.000030	0.940500	1	1	protein1	resi 30	resi 32
39	41	0.000030	0.935000	1	1	protein1	resi 39	resi 41
41	43	0.000030	0.870500	1	1	protein1	resi 41	resi 43
50	52	0.000030	0.778500	1	1	protein1	resi 50	resi 52
54	56	0.000030	0.753500	1	1	protein1	resi 54	resi 56
55	56	0.000030	0.827500	1	1	protein1	resi 55	resi 56
75	76	0.000030	0.834500	1	1	protein1	resi 75	resi 76
75	77	0.000030	0.739500	1	1	protein1	resi 75	resi 77
77	79	0.000030	0.748500	1	1	protein1	resi 77	resi 79
79	80	0.000030	0.833000	1	1	protein1	resi 79	resi 80
82	84	0.000030	0.714000	1	1	protein1	resi 82	resi 84
83	84	0.000030	0.823000	1	1	protein1	resi 83	resi 84
90	92	0.000030	0.696500	1	1	protein1	resi 90	resi 92
96	97	0.000030	0.878000	1	1	protein1	resi 96	resi 97
99	101	0.000030	0.798000	1	1	protein1	resi 99	resi 101
100	101	0.000030	0.895500	1	1	protein1	resi 100	resi 101
100	102	0.000030	0.803500	1	1	protein1	resi 100	resi 102
115	117	0.000030	0.861000	1	1	protein1	resi 115	resi 117
116	117	0.000030	0.916500	1	1	protein1	resi 116	resi 117
119	121	0.000030	0.860000	1	1	protein1	resi 119	resi 121
121	122	0.000030	0.936000	1	1	protein1	resi 121	resi 122
121	123	0.000030	0.854500	1	1	protein1	resi 121	resi 123
127	128	0.000030	0.811500	1	1	protein1	resi 127	resi 128
127	129	0.000030	0.717500	1	1	protein1	resi 127	resi 129
128	129	0.000030	0.859500	1	1	protein1	resi 128	resi 129
129	131	0.000030	0.748500	1	1	protein1	resi 129	resi 131
143	145	0.000030	0.728000	1	1	protein1	resi 143	resi 145
145	146	0.000030	0.859500	1	1	protein1	resi 145	resi 146
145	147	0.000030	0.734500	1	1	protein1	resi 145	resi 147
147	148	0.000030	0.877000	1	1	protein1	resi 147	resi 148
147	149	0.000030	0.790500	1	1	protein1	resi 147	resi 149
151	152	0.000030	0.879000	1	1	protein1	resi 151	resi 152
151	153	0.000030	0.784000	1	1	protein1	resi 151	resi 153
153	155	0.000030	0.790000	1	1	protein1	resi 153	resi 155
163	164	0.000030	0.839500	1	1	protein1	resi 163	resi 164
163	165	0.000030	0.646000	1	1	protein1	resi 163	resi 165
169	171	0.000030	0.789500	1	1	protein1	resi 169	resi 171
175	177	0.000030	0.817500	1	1	protein1	resi 175	resi 177
184	186	0.000030	0.689000	1	1	protein1	resi 184	resi 186
188	190	0.000030	0.703000	1	1	protein1	resi 188	resi 190
215	217	0.000030	0.887500	2	2	protein2	resi 215	resi 217
216	217	0.000030	0.922500	2	2	protein2	resi 216	resi 217
220	221	0.000030	0.901000	2	2	protein2	resi 220	resi 221
224	226	0.000030	0.869500	2	2	protein2	resi 224	resi 226
229	230	0.000030	0.898500	2	2	protein2	resi 229	resi 230
229	231	0.000030	0.815500	2	2	protein2	resi 229	resi 231
235	237	0.000030	0.910000	2	2	protein2	resi 235	resi 237
237	239	0.000030	0.940500	2	2	protein2	resi 237	resi 239
246	248	0.000030	0.935000	2	2	protein2	resi 246	resi 248
248	250	0.000030	0.870500	2	2	protein2	resi 248	resi 250
257	259	0.000030	0.778500	2	2	protein2	resi 257	resi 259
261	263	0.000030	0.753500	2	2	protein2	resi 261	resi 263
262	263	0.000030	0.827500	2	2	protein2	resi 262	resi 263
282	283	0.000030	0.834500	2	2	protein2	resi 282	resi 283
282	284	0.000030	0.739500	2	2	protein2	resi 282	resi 284
284	286	0.000030	0.748500	2	2	protein2	resi 284	resi 286
286	287	0.000030	0.833000	2	2	protein2	resi 286	resi 287
289	291	0.000030	0.714000	2	2	protein2	resi 289	resi 291
290	291	0.000030	0.823000	2	2	protein2	resi 290	resi 291
297	299	0.000030	0.696500	2	2	protein2	resi 297	resi 299
303	304	0.000030	0.878000	2	2	protein2	resi 303	resi 304
306	308	0.000030	0.798000	2	2	protein2	resi 306	resi 308
307	308	0.000030	0.895500	2	2	protein2	resi 307	resi 308
307	309	0.000030	0.803500	2	2	protein2	resi 307	resi 309
322	324	0.000030	0.861000	2	2	protein2	resi 322	resi 324
323	324	0.000030	0.916500	2	2	protein2	resi 323	resi 324
326	328	0.000030	0.860000	2	2	protein2	resi 326	resi 328
328	329	0.000030	0.936000	2	2	protein2	resi 328	resi 329
328	330	0.000030	0.854500	2	2	protein2	resi 328	resi 330
334	335	0.000030	0.811500	2	2	protein2	resi 334	resi 335
334	336	0.000030	0.717500	2	2	protein2	resi 334	resi 336
335	336	0.000030	0.859500	2	2	protein2	resi 335	resi 336
336	338	0.000030	0.748500	2	2	protein2	resi 336	resi 338
350	352	0.000030	0.728000	2	2	protein2	resi 350	resi 352
352	353	0.000030	0.859500	2	2	protein2	resi 352	resi 353
352	354	0.000030	0.734500	2	2	protein2	resi 352	resi 354
354	355	0.000030	0.877000	2	2	protein2	resi 354	resi 355
354	356	0.000030	0.790500	2	2	protein2	resi 354	resi 356
358	359	0.000030	0.879000	2	2	protein2	resi 358	resi 359
358	360	0.000030	0.784000	2	2	protein2	resi 358	resi 360
360	362	0.000030	0.790000	2	2	protein2	resi 360	resi 362
370	371	0.000030	0.839500	2	2	protein2	resi 370	resi 371
370	372	0.000030	0.646000	2	2	protein2	resi 370	resi 372
376	378	0.000030	0.789500	2	2	protein2	resi 376	resi 378
382	384	0.000030	0.817500	2	2	protein2	resi 382	resi 384
391	393	0.000030	0.689000	2	2	protein2	resi 391	resi 393
395	397	0.000030	0.703000	2	2	protein2	resi 395	resi 397
6	8	0.000000	0.834000	1	1	protein1	resi 6	resi 8
7	9	0.000000	0.840000	1	1	protein1	resi 7	resi 9
9	11	0.000000	0.840500	1	1	protein1	resi 9	resi 11
10	12	0.000000	0.801500	1	1	protein1	resi 10	resi 12
11	13	0.000000	0.816000	1	1	protein1	resi 11	resi 13
14	16	0.000000	0.822500	1	1	protein1	resi 14	resi 16
15	17	0.000000	0.828000	1	1	protein1	resi 15	resi 17
17	22	0.000000	0.701500	1	1	protein1	resi 17	resi 22
18	21	0.000000	0.801500	1	1	protein1	resi 18	resi 21
23	25	0.000000	0.781500	1	1	protein1	resi 23	resi 25
27	29	0.000000	0.867000	1	1	protein1	resi 27	resi 29
29	31	0.000000	0.904000	1	1	protein1	resi 29	resi 31
31	33	0.000000	0.894000	1	1	protein1	resi 31	resi 33
32	34	0.000000	0.893000	1	1	protein1	resi 32	resi 34
34	36	0.000000	0.912500	1	1	protein1	resi 34	resi 36
37	39	0.000000	0.897500	1	1	protein1	resi 37	resi 39
38	40	0.000000	0.874000	1	1	protein1	resi 38	resi 40
40	42	0.000000	0.894500	1	1	protein1	resi 40	resi 42
42	44	0.000000	0.833000	1	1	protein1	resi 42	resi 44
45	47	0.000000	0.679000	1	1	protein1	resi 45	resi 47
48	50	0.000000	0.761000	1	1	protein1	resi 48	resi 50
52	54	0.000000	0.702500	1	1	protein1	resi 52	resi 54
56	58	0.000000	0.679000	1	1	protein1	resi 56	resi 58
60	62	0.000000	0.537500	1	1	protein1	resi 60	resi 62
80	82	0.000000	0.706500	1	1	protein1	resi 80	resi 82
88	90	0.000000	0.708500	1	1	protein1	resi 88	resi 90
94	96	0.000000	0.759500	1	1	protein1	resi 94	resi 96
97	99	0.000000	0.803000	1	1	protein1	resi 97	resi 99
101	103	0.000000	0.763000	1	1	protein1	resi 101	resi 103
106	108	0.000000	0.698500	1	1	protein1	resi 106	resi 108
107	109	0.000000	0.431500	1	1	protein1	resi 107	resi 109
107	110	0.000000	0.400000	1	1	protein1	resi 107	resi 110
108	110	0.000000	0.492000	1	1	protein1	resi 108	resi 110
108	111	0.000000	0.477500	1	1	protein1	resi 108	resi 111
110	112	0.000000	0.820000	1	1	protein1	resi 110	resi 112
111	113	0.000000	0.825000	1	1	protein1	resi 111	resi 113
113	115	0.000000	0.827500	1	1	protein1	resi 113	resi 115
117	119	0.000000	0.861500	1	1	protein1	resi 117	resi 119
118	120	0.000000	0.848500	1	1	protein1	resi 118	resi 120
122	124	0.000000	0.830500	1	1	protein1	resi 122	resi 124
133	135	0.000000	0.646500	1	1	protein1	resi 133	resi 135
157	159	0.000000	0.779000	1	1	protein1	resi 157	resi 159
167	169	0.000000	0.680500	1	1	protein1	resi 167	resi 169
168	170	0.000000	0.671000	1	1	protein1	resi 168	resi 170
170	172	0.000000	0.717500	1	1	protein1	resi 170	resi 172
172	174	0.000000	0.700000	1	1	protein1	resi 172	resi 174
174	176	0.000000	0.778000	1	1	protein1	resi 174	resi 176
176	178	0.000000	0.769000	1	1	protein1	resi 176	resi 178
178	180	0.000000	0.818000	1	1	protein1	resi 178	resi 180
182	184	0.000000	0.694500	1	1	protein1	resi 182	resi 184
185	187	0.000000	0.627500	1	1	protein1	resi 185	resi 187
187	189	0.000000	0.678500	1	1	protein1	resi 187	resi 189
189	191	0.000000	0.694500	1	1	protein1	resi 189	resi 191
193	195	0.000000	0.734000	1	1	protein1	resi 193	resi 195
198	200	0.000000	0.628000	1	1	protein1	resi 198	resi 200
199	201	0.000000	0.681000	1	1	protein1	resi 199	resi 201
201	203	0.000000	0.213000	1	1	protein1	resi 201	resi 203
202	204	0.000000	0.241000	1	1	protein1	resi 202	resi 204
213	215	0.000000	0.834000	2	2	protein2	resi 213	resi 215
214	216	0.000000	0.840000	2	2	protein2	resi 214	resi 216
216	218	0.000000	0.840500	2	2	protein2	resi 216	resi 218
217	219	0.000000	0.801500	2	2	protein2	resi 217	resi 219
218	220	0.000000	0.816000	2	2	protein2	resi 218	resi 220
221	223	0.000000	0.822500	2	2	protein2	resi 221	resi 223
222	224	0.000000	0.828000	2	2	protein2	resi 222	resi 224
224	229	0.000000	0.701500	2	2	protein2	resi 224	resi 229
225	228	0.000000	0.801500	2	2	protein2	resi 225	resi 228
230	232	0.000000	0.781500	2	2	protein2	resi 230	resi 232
234	236	0.000000	0.867000	2	2	protein2	resi 234	resi 236
236	238	0.000000	0.904000	2	2	protein2	resi 236	resi 238
238	240	0.000000	0.894000	2	2	protein2	resi 238	resi 240
239	241	0.000000	0.893000	2	2	protein2	resi 239	resi 241
241	243	0.000000	0.912500	2	2	protein2	resi 241	resi 243
244	246	0.000000	0.897500	2	2	protein2	resi 244	resi 246
245	247	0.000000	0.874000	2	2	protein2	resi 245	resi 247
247	249	0.000000	0.894500	2	2	protein2	resi 247	resi 249
249	251	0.000000	0.833000	2	2	protein2	resi 249	resi 251
252	254	0.000000	0.679000	2	2	protein2	resi 252	resi 254
255	257	0.000000	0.761000	2	2	protein2	resi 255	resi 257
259	261	0.000000	0.702500	2	2	protein2	resi 259	resi 261
263	265	0.000000	0.679000	2	2	protein2	resi 263	resi 265
267	269	0.000000	0.537500	2	2	protein2	resi 267	resi 269
287	289	0.000000	0.706500	2	2	protein2	resi 287	resi 289
295	297	0.000000	0.708500	2	2	protein2	resi 295	resi 297
301	303	0.000000	0.759500	2	2	protein2	resi 301	resi 303
304	306	0.000000	0.803000	2	2	protein2	resi 304	resi 306
308	310	0.000000	0.763000	2	2	protein2	resi 308	resi 310
313	315	0.000000	0.698500	2	2	protein2	resi 313	resi 315
314	316	0.000000	0.431500	2	2	protein2	resi 314	resi 316
314	317	0.000000	0.400000	2	2	protein2	resi 314	resi 317
315	317	0.000000	0.492000	2	2	protein2	resi 315	resi 317
315	318	0.000000	0.477500	2	2	protein2	resi 315	resi 318
317	319	0.000000	0.820000	2	2	protein2	resi 317	resi 319
318	320	0.000000	0.825000	2	2	protein2	resi 318	resi 320
320	322	0.000000	0.827500	2	2	protein2	resi 320	resi 322
324	326	0.000000	0.861500	2	2	protein2	resi 324	resi 326
325	327	0.000000	0.848500	2	2	protein2	resi 325	resi 327
329	331	0.000000	0.830500	2	2	protein2	resi 329	resi 331
340	342	0.000000	0.646500	2	2	protein2	resi 340	resi 342
364	366	0.000000	0.779000	2	2	protein2	resi 364	resi 366
374	376	0.000000	0.680500	2	2	protein2	resi 374	resi 376
375	377	0.000000	0.671000	2	2	protein2	resi 375	resi 377
377	379	0.000000	0.717500	2	2	protein2	resi 377	resi 379
379	381	0.000000	0.700000	2	2	protein2	resi 379	resi 381
381	383	0.000000	0.778000	2	2	protein2	resi 381	resi 383
383	385	0.000000	0.769000	2	2	protein2	resi 383	resi 385
385	387	0.000000	0.818000	2	2	protein2	resi 385	resi 387
389	391	0.000000	0.694500	2	2	protein2	resi 389	resi 391
392	394	0.000000	0.627500	2	2	protein2	resi 392	resi 394
394	396	0.000000	0.678500	2	2	protein2	resi 394	resi 396
396	398	0.000000	0.694500	2	2	protein2	resi 396	resi 398
400	402	0.000000	0.734000	2	2	protein2	resi 400	resi 402
405	407	0.000000	0.628000	2	2	protein2	resi 405	resi 407
406	408	0.000000	0.681000	2	2	protein2	resi 406	resi 408
408	410	0.000000	0.213000	2	2	protein2	resi 408	resi 410
409	411	0.000000	0.241000	2	2	protein2	resi 409	resi 411
